binary	address	end	size	name	instruction_count	basic_blocks	direct_callers	direct_callees	code_origin
Z_COM	0x10100	0x1015F	95	start	20	2		0x10100,0x1015F,0x101A7	game_or_library_unclassified
Z_COM	0x1015F	0x101A7	72	sub_1015F	20	1	0x10100		game_or_library_unclassified
Z_COM	0x101A7	0x101C4	29	sub_101A7	12	4	0x10100	0x101A7	game_or_library_unclassified
Z_DAT	0x20000	0x20016	22	sub_20000	16	2	0x3CF19,0x3D6E0		game_or_library_unclassified
Z_DAT	0x20016	0x20039	35	sub_20016	19	1	0x20D35		game_or_library_unclassified
Z_DAT	0x20039	0x2005B	34	sub_20039	19	1	0x3D6D1		game_or_library_unclassified
Z_DAT	0x2005B	0x20087	44	sub_2005B	23	1	0x3D922		game_or_library_unclassified
Z_DAT	0x20087	0x200BD	54	sub_20087	36	5	0x3D939	0x20087	game_or_library_unclassified
Z_DAT	0x2010A	0x20145	59	sub_2010A	28	3	0x3D8D8	0x2010A	game_or_library_unclassified
Z_DAT	0x20354	0x2050A	438	sub_20354	167	46	0x3D643,0x3D8FF	0x20354	game_or_library_unclassified
Z_DAT	0x2050A	0x20615	267	sub_2050A	87	5	0x3D8AD	0x2050A	game_or_library_unclassified
Z_DAT	0x20615	0x20663	78	sub_20615	35	7	0x3D1E5,0x3D950	0x20615	game_or_library_unclassified
Z_DAT	0x20663	0x206AD	74	sub_20663	34	7	0x3D1E5,0x3D950	0x20663	game_or_library_unclassified
Z_DAT	0x206AD	0x20899	492	sub_206AD	176	46	0x3D88A	0x206AD,0x20899	game_or_library_unclassified
Z_DAT	0x20899	0x208A9	16	sub_20899	11	3	0x206AD	0x20899,0x208A9	game_or_library_unclassified
Z_DAT	0x208A9	0x2094A	161	sub_208A9	47	1	0x20899		game_or_library_unclassified
Z_DAT	0x2094A	0x20B22	472	sub_2094A	176	46	0x3D68A	0x2094A	game_or_library_unclassified
Z_DAT	0x20B22	0x20BB5	147	sub_20B22	73	19	0x2558B,0x29D2D	0x20B22	game_or_library_unclassified
Z_DAT	0x20C32	0x20C45	19	sub_20C32	6	3	0x21496,0x22A59,0x247DD,0x24F8C,0x25BBA,0x25D0E,0x26208,0x265AB,0x2711A,0x27A26,0x29391,0x294AD,0x29537,0x295D0,0x2A86C,0x2C0BB,0x2C319,0x2CC21,0x2D590,0x2D678,0x2D841,0x2DBF4,0x2DD77,0x2DE7D,0x2DF0E,0x2E155,0x2E337,0x2E659,0x2EB49,0x2F3F0,0x2F526,0x2F721,0x2FAB7,0x2FBC0,0x2FC9D,0x2FDA6,0x2FFB3,0x30A5A,0x30C3D,0x31DA0,0x3B238,0x3B387,0x3B6BE,0x3BA85,0x3C2AC,0x3CF45	0x20C32	game_or_library_unclassified
Z_DAT	0x20D35	0x20FAA	629	main	133	35	0x469C2	0x20016,0x20D35,0x20FAF,0x212C0,0x2399E,0x23AA6,0x23B3E,0x23C98,0x23F28,0x247DD,0x24C23,0x24C8D,0x2558B,0x26208,0x3CBE3,0x3CDFF,0x3CF19,0x3CF45,0x3D6D1,0x3D922,0x3DD57,0x3E1B2,0x3E25B,0x3ED1E,0x3ED5B,0x3EE5F	game_or_library_unclassified
Z_DAT	0x20FAF	0x212C0	785	sub_20FAF	207	48	0x20D35	0x20FAF,0x26208,0x26B5E,0x3CC97,0x3CD17,0x3CF19,0x3CF45,0x3D34A,0x3D643,0x3D6D1,0x3D6E0,0x3D8D8,0x3D939,0x3DD57,0x3ED1E,0x3EE5F	game_or_library_unclassified
Z_DAT	0x212C0	0x21496	470	sub_212C0	96	40	0x20D35,0x26B5E,0x28E40	0x20FAF,0x212C0,0x21496,0x21AC0,0x22066,0x2558B,0x25BBA,0x25D0E,0x269AB,0x29D2D,0x2A0D9,0x3D6D1,0x3ED1E	game_or_library_unclassified
Z_DAT	0x21496	0x21AC0	1578	sub_21496	424	80	0x212C0	0x20C32,0x21496,0x22090,0x2558B,0x269AB,0x29D2D,0x2CEBF,0x3A10C,0x3D6D1,0x3D832,0x3ED1E,0x3EEC7,0x3EF4A	game_or_library_unclassified
Z_DAT	0x21AC0	0x22066	1446	sub_21AC0	388	80	0x212C0	0x21496,0x21AC0,0x22090,0x2558B,0x269AB,0x29D2D,0x2CEBF,0x39DA3,0x3D6D1,0x3D832,0x3ED1E,0x3EEC7,0x3EF4A	game_or_library_unclassified
Z_DAT	0x22066	0x22090	42	sub_22066	12	3	0x212C0,0x32E59	0x22066,0x22090,0x22A59,0x3ED1E	game_or_library_unclassified
Z_DAT	0x22090	0x22A59	2505	sub_22090	635	126	0x21496,0x21AC0,0x22066,0x25BBA,0x2A86C	0x22090,0x2558B,0x269AB,0x29D2D,0x2CEBF,0x3AA85,0x3D6D1,0x3D832,0x3ED1E,0x3EF4A,0x3EF7D	game_or_library_unclassified
Z_DAT	0x22A59	0x2399E	3909	sub_22A59	965	89	0x22066	0x20C32,0x22A59,0x2558B,0x29D2D,0x2CEBF,0x2D590,0x3AA85,0x3D6D1,0x3D832,0x3ED1E,0x3EF4A	game_or_library_unclassified
Z_DAT	0x2399E	0x23AA6	264	sub_2399E	49	18	0x20D35,0x26B5E,0x28E40	0x2399E,0x3D612,0x3ED1E	game_or_library_unclassified
Z_DAT	0x23AA6	0x23B3E	152	sub_23AA6	24	5	0x20D35	0x23AA6,0x3ED1E	game_or_library_unclassified
Z_DAT	0x23B3E	0x23C98	346	sub_23B3E	91	25	0x20D35	0x23B3E,0x3D612,0x3ED1E	game_or_library_unclassified
Z_DAT	0x23C98	0x23F28	656	sub_23C98	167	39	0x20D35	0x23C98,0x241DC,0x24278,0x24417,0x24496,0x24559,0x24667,0x246F9,0x24F8C,0x25911,0x26A92,0x3ED1E	game_or_library_unclassified
Z_DAT	0x23F28	0x241DC	692	sub_23F28	166	45	0x20D35	0x23C98,0x23F28,0x2422A,0x24278,0x24417,0x24496,0x24559,0x24667,0x246F9,0x25911,0x26A92,0x3ED1E	game_or_library_unclassified
Z_DAT	0x241DC	0x2422A	78	sub_241DC	14	5	0x23C98	0x241DC,0x3ED1E	game_or_library_unclassified
Z_DAT	0x2422A	0x24278	78	sub_2422A	14	5	0x23F28	0x2422A,0x3ED1E	game_or_library_unclassified
Z_DAT	0x24278	0x24417	415	sub_24278	84	35	0x23C98,0x23F28	0x24278,0x24CE8,0x3ED1E	game_or_library_unclassified
Z_DAT	0x24417	0x24496	127	sub_24417	36	7	0x23C98,0x23F28	0x24417,0x3ED1E	game_or_library_unclassified
Z_DAT	0x24496	0x24559	195	sub_24496	54	15	0x23C98,0x23F28	0x24496,0x3ED1E	game_or_library_unclassified
Z_DAT	0x24559	0x24667	270	sub_24559	75	16	0x23C98,0x23F28	0x24559,0x3ED1E	game_or_library_unclassified
Z_DAT	0x24667	0x246F9	146	sub_24667	41	12	0x23C98,0x23F28	0x24559,0x24667,0x3ED1E	game_or_library_unclassified
Z_DAT	0x246F9	0x247DD	228	sub_246F9	53	14	0x23C98,0x23F28	0x24559,0x246F9,0x3ED1E	game_or_library_unclassified
Z_DAT	0x247DD	0x24A02	549	sub_247DD	137	5	0x20D35	0x20C32,0x247DD,0x3CF45,0x3DA66,0x3DABF,0x3DB07,0x3DB2B,0x3ED1E,0x3EF96	game_or_library_unclassified
Z_DAT	0x24A02	0x24C23	545	sub_24A02	101	21	0x26208	0x24A02,0x24CE8,0x24F8C,0x2558B,0x3D6D1,0x3ED1E,0x3EE90	game_or_library_unclassified
Z_DAT	0x24C23	0x24C8D	106	sub_24C23	23	1	0x20D35	0x3DA66,0x3ED1E	game_or_library_unclassified
Z_DAT	0x24C8D	0x24CE8	91	sub_24C8D	23	1	0x20D35,0x25D0E,0x2E659,0x2EB49,0x31241	0x3DB2B,0x3ED1E	game_or_library_unclassified
Z_DAT	0x24CE8	0x24D43	91	sub_24CE8	23	1	0x24278,0x24A02,0x26B5E	0x24D43,0x24DB8,0x24E2D,0x24EA2,0x24F17,0x3ED1E	game_or_library_unclassified
Z_DAT	0x24D43	0x24DB8	117	sub_24D43	39	3	0x24CE8	0x24D43,0x3DABF,0x3DB07,0x3ED1E	game_or_library_unclassified
Z_DAT	0x24DB8	0x24E2D	117	sub_24DB8	39	3	0x24CE8	0x24DB8,0x3DABF,0x3DB07,0x3ED1E	game_or_library_unclassified
Z_DAT	0x24E2D	0x24EA2	117	sub_24E2D	39	3	0x24CE8	0x24E2D,0x3DABF,0x3DB07,0x3ED1E	game_or_library_unclassified
Z_DAT	0x24EA2	0x24F17	117	sub_24EA2	39	3	0x24CE8	0x24EA2,0x3DABF,0x3DB07,0x3ED1E	game_or_library_unclassified
Z_DAT	0x24F17	0x24F8C	117	sub_24F17	39	3	0x24CE8	0x24F17,0x3DABF,0x3DB07,0x3ED1E	game_or_library_unclassified
Z_DAT	0x24F8C	0x2558B	1535	sub_24F8C	344	73	0x23C98,0x24A02,0x26B5E	0x20C32,0x24F8C,0x3ED1E,0x3EE90,0x3EF96	game_or_library_unclassified
Z_DAT	0x2558B	0x258FE	883	sub_2558B	251	42	0x20D35,0x212C0,0x21496,0x21AC0,0x22090,0x22A59,0x24A02,0x25911,0x25BBA,0x25D0E,0x26208,0x26B5E,0x2A186,0x2A86C,0x2B483	0x20B22,0x2558B,0x3D612,0x3D643,0x3D88A,0x3ED1E	game_or_library_unclassified
Z_DAT	0x25911	0x25AB7	422	sub_25911	104	34	0x23C98,0x23F28	0x2558B,0x25911,0x28E40,0x3CC97,0x3CD17,0x3D6D1,0x3ED1E	game_or_library_unclassified
Z_DAT	0x25AB7	0x25BBA	259	sub_25AB7	85	4	0x26B5E	0x25AB7,0x3DA40,0x3DA66,0x3DABF,0x3DAE3,0x3DB07,0x3DB2B,0x3ED1E	game_or_library_unclassified
Z_DAT	0x25BBA	0x25D0E	340	sub_25BBA	93	18	0x212C0	0x20C32,0x22090,0x2558B,0x25BBA,0x29D2D,0x2C319,0x2CEBF,0x3CC97,0x3CD17,0x3D6D1,0x3D832,0x3ED1E	game_or_library_unclassified
Z_DAT	0x25D0E	0x25F87	633	sub_25D0E	175	32	0x212C0	0x20C32,0x24C8D,0x2558B,0x25D0E,0x25F87,0x269AB,0x29D2D,0x2CEBF,0x3CF19,0x3D6D1,0x3D832,0x3DD57,0x3E25B,0x3ED1E,0x3EE5F,0x3EF4A	game_or_library_unclassified
Z_DAT	0x25F87	0x26208	641	sub_25F87	182	29	0x25D0E	0x25F87,0x26208,0x265AB,0x2CEBF,0x3D6D1,0x3D832,0x3ED1E,0x3EF4A	game_or_library_unclassified
Z_DAT	0x26208	0x265AB	931	sub_26208	248	35	0x20D35,0x20FAF,0x25F87	0x20C32,0x24A02,0x2558B,0x25AB7,0x26208,0x3CC97,0x3CD17,0x3CF45,0x3D6D1,0x3D6E0,0x3DA40,0x3DABF,0x3DAE3,0x3DB07,0x3DB2B,0x3ED1E,0x3EF96,0x3EFB9	game_or_library_unclassified
Z_DAT	0x265AB	0x269AB	1024	sub_265AB	263	39	0x25F87	0x20C32,0x25AB7,0x265AB,0x3CF45,0x3D6E0,0x3DA40,0x3DABF,0x3DAE3,0x3DB07,0x3DB2B,0x3ED1E,0x3EF96,0x3EFB9	game_or_library_unclassified
Z_DAT	0x269AB	0x26A92	231	sub_269AB	70	8	0x212C0,0x21496,0x21AC0,0x22090,0x25D0E	0x269AB,0x2CEBF,0x3D832,0x3ED1E,0x3EF4A	game_or_library_unclassified
Z_DAT	0x26A92	0x26B5E	204	sub_26A92	37	15	0x23C98,0x23F28	0x26A92,0x3ED1E	game_or_library_unclassified
Z_DAT	0x26B5E	0x2711A	1468	sub_26B5E	294	60	0x20FAF	0x212C0,0x2399E,0x24CE8,0x24F8C,0x2558B,0x25AB7,0x26B5E,0x2711A,0x29391,0x295D0,0x296E6,0x29819,0x299A1,0x29B3C,0x29C36,0x29D2D,0x2B3B4,0x2C319,0x3CBE3,0x3CC97,0x3CD17,0x3D6D1,0x3D6E0,0x3D922,0x3E1B2,0x3ED1E,0x3EE90,0x3EF4A	game_or_library_unclassified
Z_DAT	0x2711A	0x27A26	2316	sub_2711A	556	59	0x26B5E	0x20C32,0x2711A,0x27A26,0x3D612,0x3D643,0x3D6D1,0x3D832,0x3D8D8,0x3ED1E,0x3EEC7,0x3EF4A	game_or_library_unclassified
Z_DAT	0x27A26	0x2841A	2548	sub_27A26	551	121	0x2711A	0x20C32,0x27A26,0x2841A,0x287CA,0x28975,0x3CF45,0x3D6D1,0x3D832,0x3D8D8,0x3DB83,0x3ED1E,0x3EE5F,0x3EF4A	game_or_library_unclassified
Z_DAT	0x2841A	0x287CA	944	sub_2841A	199	26	0x27A26	0x2841A,0x3D6D1,0x3D832,0x3D8D8,0x3ED1E,0x3EF4A	game_or_library_unclassified
Z_DAT	0x287CA	0x28975	427	sub_287CA	109	15	0x27A26	0x287CA,0x3D6D1,0x3D832,0x3D8D8,0x3ED1E,0x3EF4A	game_or_library_unclassified
Z_DAT	0x28975	0x28C55	736	sub_28975	170	38	0x27A26	0x2841A,0x28975,0x3D832,0x3D8D8,0x3ED1E,0x3EF4A	game_or_library_unclassified
Z_DAT	0x28E40	0x29391	1361	sub_28E40	306	68	0x25911	0x212C0,0x2399E,0x28E40,0x29391,0x295D0,0x296E6,0x29819,0x299A1,0x29B3C,0x29C36,0x29D2D,0x2B3B4,0x2C0BB,0x3CBE3,0x3CC97,0x3CD17,0x3D6D1,0x3D6E0,0x3D922,0x3E1B2,0x3ED1E	game_or_library_unclassified
Z_DAT	0x29391	0x294AD	284	sub_29391	66	11	0x26B5E,0x28E40	0x20C32,0x29391,0x29537,0x3CF45,0x3DABF,0x3DB07,0x3DB2B,0x3ED1E,0x3EF96,0x3EFB9	game_or_library_unclassified
Z_DAT	0x294AD	0x29537	138	sub_294AD	31	6	0x2E337,0x2F721	0x20C32,0x29391,0x294AD,0x3CF45,0x3DB07,0x3ED1E,0x3EF96,0x3EFB9	game_or_library_unclassified
Z_DAT	0x29537	0x295D0	153	sub_29537	38	7	0x2E337,0x2F721	0x20C32,0x29537,0x3CF45,0x3DA66,0x3DAE3,0x3DB07,0x3DB2B,0x3ED1E,0x3EF96	game_or_library_unclassified
Z_DAT	0x295D0	0x296E6	278	sub_295D0	64	10	0x26B5E,0x28E40	0x20C32,0x29537,0x295D0,0x3CF45,0x3DAE3,0x3DB07,0x3DB2B,0x3ED1E,0x3EF96,0x3EFB9	game_or_library_unclassified
Z_DAT	0x296E6	0x29819	307	sub_296E6	60	18	0x26B5E,0x28E40	0x296E6,0x3ED1E	game_or_library_unclassified
Z_DAT	0x29819	0x299A1	392	sub_29819	87	26	0x26B5E,0x28E40,0x2F171	0x29819,0x3ED1E	game_or_library_unclassified
Z_DAT	0x299A1	0x29B3C	411	sub_299A1	90	29	0x26B5E,0x28E40,0x2F171	0x299A1,0x3ED1E	game_or_library_unclassified
Z_DAT	0x29B3C	0x29C36	250	sub_29B3C	65	17	0x26B5E,0x28E40	0x29B3C,0x3ED1E	game_or_library_unclassified
Z_DAT	0x29C36	0x29D2D	247	sub_29C36	59	13	0x26B5E,0x28E40	0x29C36,0x29D2D,0x2C319,0x3D6D1,0x3ED1E	game_or_library_unclassified
Z_DAT	0x29D2D	0x2A0D9	940	sub_29D2D	274	34	0x212C0,0x21496,0x21AC0,0x22090,0x22A59,0x25BBA,0x25D0E,0x26B5E,0x28E40,0x29C36,0x2A186,0x2A86C,0x2B308,0x2B3B4,0x2B483,0x2C0BB,0x2CC21,0x2D653,0x31EB9	0x20B22,0x29D2D,0x3D612,0x3D643,0x3ED1E	game_or_library_unclassified
Z_DAT	0x2A0D9	0x2A10F	54	sub_2A0D9	16	1	0x212C0	0x2A10F,0x2A186,0x2A86C,0x3ED1E	game_or_library_unclassified
Z_DAT	0x2A10F	0x2A186	119	sub_2A10F	34	9	0x2A0D9,0x3A29C	0x2A10F,0x3ED1E,0x3EE90	game_or_library_unclassified
Z_DAT	0x2A186	0x2A74C	1478	sub_2A186	379	47	0x2A0D9,0x2A86C,0x3A29C	0x2558B,0x29D2D,0x2A186,0x2A74C,0x2A7E8,0x2CEBF,0x2D501,0x3AA85,0x3D643,0x3D6D1,0x3D832,0x3ED1E,0x3EF4A,0x3EF7D	game_or_library_unclassified
Z_DAT	0x2A74C	0x2A7E8	156	sub_2A74C	43	2	0x2A186	0x3D8D8,0x3ED1E	game_or_library_unclassified
Z_DAT	0x2A7E8	0x2A86C	132	sub_2A7E8	40	2	0x2A186	0x2A74C,0x3D8D8,0x3ED1E	game_or_library_unclassified
Z_DAT	0x2A86C	0x2B227	2491	sub_2A86C	548	137	0x2A0D9,0x3A29C	0x20C32,0x22090,0x2558B,0x29D2D,0x2A186,0x2A86C,0x2B227,0x2B288,0x2B483,0x2BD8B,0x2CEBF,0x3AA85,0x3D6D1,0x3D832,0x3ED1E,0x3EF4A	game_or_library_unclassified
Z_DAT	0x2B227	0x2B275	78	sub_2B227	16	4	0x2A86C,0x2F39C,0x3598C,0x3A30B,0x3C2AC	0x2B227,0x3ED1E	game_or_library_unclassified
Z_DAT	0x2B288	0x2B308	128	sub_2B288	31	9	0x2A86C	0x2B288,0x2B308,0x3ED1E	game_or_library_unclassified
Z_DAT	0x2B308	0x2B3B4	172	sub_2B308	41	5	0x2B288	0x29D2D,0x2B308,0x2C319,0x3D6D1,0x3ED1E	game_or_library_unclassified
Z_DAT	0x2B3B4	0x2B483	207	sub_2B3B4	43	6	0x26B5E,0x28E40	0x29D2D,0x2B3B4,0x2C319,0x3D6D1,0x3ED1E	game_or_library_unclassified
Z_DAT	0x2B483	0x2BD8B	2312	sub_2B483	474	85	0x2A86C,0x3598C	0x2558B,0x29D2D,0x2B483,0x2CEBF,0x3AA85,0x3D612,0x3D6D1,0x3D832,0x3ED1E,0x3EEC7,0x3EF4A,0x3F50B	game_or_library_unclassified
Z_DAT	0x2BD8B	0x2C0BB	816	sub_2BD8B	163	45	0x2A86C	0x2BD8B,0x3ED1E,0x3F50B	game_or_library_unclassified
Z_DAT	0x2C0BB	0x2C175	186	sub_2C0BB	53	1	0x28E40	0x20C32,0x29D2D,0x2CEBF,0x3D6D1,0x3D832,0x3ED1E,0x3EF4A,0x3EF7D	game_or_library_unclassified
Z_DAT	0x2C319	0x2CC06	2285	sub_2C319	524	89	0x25BBA,0x26B5E,0x29C36,0x2B308,0x2B3B4	0x20C32,0x2C319,0x2CC21,0x2D653,0x2D678,0x2D841,0x2DBF4,0x2DD45,0x2DD77,0x2DE03,0x2DE39,0x2DE7D,0x2DF0E,0x2E078,0x2E155,0x2E1E8,0x2E278,0x2E28A,0x2E29C,0x2E2D7,0x2E2F5,0x2E337,0x2E46B,0x2E536,0x2E639,0x2E659,0x2EB49,0x2ED8D,0x2F053,0x2F107,0x2F136,0x2F171,0x2F34C,0x2F39C,0x2F3F0,0x2F526,0x2F62F,0x2F6C2,0x2F6E3,0x2F721,0x2F890,0x2F8AB,0x2F8D1,0x2F966,0x2F9B5,0x2F9F2,0x2FAB7,0x2FBC0,0x2FC9D,0x2FDA6,0x2FEBF,0x2FEDF,0x2FF87,0x2FFB3,0x30035,0x30094,0x300D9,0x300FF,0x301D1,0x302E0,0x30559,0x30A5A,0x30B45,0x30B81,0x31284,0x312A6,0x31945,0x31C2F,0x31C4A,0x3CF45,0x3DA66,0x3DABF,0x3DB07,0x3DB2B,0x3ED1E,0x3EF96	game_or_library_unclassified
Z_DAT	0x2CC21	0x2CEBF	670	sub_2CC21	184	22	0x2C319,0x2FF87,0x302E0,0x30480,0x312A6	0x20C32,0x29D2D,0x2CC21,0x2CEBF,0x2D1CD,0x2D372,0x2D590,0x3CF45,0x3D6D1,0x3D950,0x3DA66,0x3DABF,0x3DB07,0x3DB2B,0x3ED1E,0x3EF96	game_or_library_unclassified
Z_DAT	0x2CEBF	0x2D1CD	782	sub_2CEBF	284	4	0x21496,0x21AC0,0x22090,0x22A59,0x25BBA,0x25D0E,0x25F87,0x269AB,0x2A186,0x2A86C,0x2B483,0x2C0BB,0x2CC21,0x2D678,0x2DD77,0x2DE7D,0x2DF0E,0x2E155,0x2E659,0x2EB49,0x2F3F0,0x2F526,0x2FAB7,0x2FBC0,0x2FC9D,0x2FDA6,0x2FFB3,0x30035,0x312A6,0x31EB9,0x32E59,0x37734,0x38DAC,0x3B238,0x3B387,0x3B6BE,0x3BA85,0x3C2AC,0x3C6D3	0x2CEBF,0x3D8AD,0x3D8D8,0x3ED1E	game_or_library_unclassified
Z_DAT	0x2D1CD	0x2D372	421	sub_2D1CD	163	4	0x2CC21	0x2D1CD,0x3D8AD,0x3ED1E	game_or_library_unclassified
Z_DAT	0x2D372	0x2D501	399	sub_2D372	153	4	0x2CC21	0x2D372,0x3D8D8,0x3ED1E	game_or_library_unclassified
Z_DAT	0x2D501	0x2D590	143	sub_2D501	41	1	0x2A186	0x3D8D8,0x3ED1E	game_or_library_unclassified
Z_DAT	0x2D590	0x2D653	195	sub_2D590	49	5	0x22A59,0x2CC21,0x3C6D3	0x20C32,0x2D590,0x3CF45,0x3D8FF,0x3DA66,0x3DABF,0x3DB07,0x3DB2B,0x3ED1E,0x3EF96	game_or_library_unclassified
Z_DAT	0x2D653	0x2D678	37	sub_2D653	9	1	0x2C319,0x2D678,0x2DE7D,0x2DF0E,0x2ED8D,0x2F053,0x2F171,0x2F3F0,0x2F526,0x2F9F2,0x2FAB7,0x2FBC0,0x2FC9D,0x2FDA6,0x2FFB3,0x301D1,0x302E0,0x30480,0x30B81,0x312A6	0x29D2D,0x3D6D1,0x3ED1E	game_or_library_unclassified
Z_DAT	0x2D678	0x2D841	457	sub_2D678	134	25	0x2C319,0x302E0	0x20C32,0x2CEBF,0x2D653,0x2D678,0x2D841,0x3D6D1,0x3D832,0x3ED1E,0x3EEC7,0x3EF4A,0x3EF7D	game_or_library_unclassified
Z_DAT	0x2D841	0x2DBF4	947	sub_2D841	224	66	0x2C319,0x2D678,0x2F053,0x2F9F2,0x300FF,0x301D1,0x302E0,0x30559,0x30B81,0x312A6,0x31945	0x20C32,0x2D841,0x3CF45,0x3DABF,0x3DAE3,0x3DB07,0x3DB2B,0x3ED1E,0x3EF96,0x3EFB9	game_or_library_unclassified
Z_DAT	0x2DBF4	0x2DD45	337	sub_2DBF4	83	13	0x2C319	0x20C32,0x2DBF4,0x3CF45,0x3DABF,0x3DAE3,0x3DB07,0x3DB2B,0x3ED1E,0x3EF96,0x3EFB9	game_or_library_unclassified
Z_DAT	0x2DD45	0x2DD77	50	sub_2DD45	11	3	0x2C319	0x2DD45,0x3ED1E	game_or_library_unclassified
Z_DAT	0x2DD77	0x2DE03	140	sub_2DD77	36	3	0x2C319	0x20C32,0x2CEBF,0x2DD77,0x3D6D1,0x3D832,0x3ED1E,0x3EF4A	game_or_library_unclassified
Z_DAT	0x2DE03	0x2DE2C	41	sub_2DE03	12	3	0x2C319	0x2DE03,0x31C75,0x3ED1E	game_or_library_unclassified
Z_DAT	0x2DE39	0x2DE53	26	sub_2DE39	6	2	0x2C319	0x3ED1E	game_or_library_unclassified
Z_DAT	0x2DE7D	0x2DF0E	145	sub_2DE7D	37	3	0x2C319	0x20C32,0x2CEBF,0x2D653,0x2DE7D,0x3D6D1,0x3D832,0x3ED1E,0x3EF4A	game_or_library_unclassified
Z_DAT	0x2DF0E	0x2E078	362	sub_2DF0E	91	10	0x2C319	0x20C32,0x2CEBF,0x2D653,0x2DF0E,0x2E571,0x3D6D1,0x3D832,0x3ED1E,0x3EF4A,0x3EF7D	game_or_library_unclassified
Z_DAT	0x2E078	0x2E155	221	sub_2E078	45	14	0x2C319,0x30559	0x2E078,0x3ED1E	game_or_library_unclassified
Z_DAT	0x2E155	0x2E1E8	147	sub_2E155	37	3	0x2C319	0x20C32,0x2CEBF,0x2E155,0x3D6D1,0x3D832,0x3ED1E,0x3EF4A	game_or_library_unclassified
Z_DAT	0x2E1E8	0x2E278	144	sub_2E1E8	35	13	0x2C319	0x2E1E8,0x3ED1E	game_or_library_unclassified
Z_DAT	0x2E278	0x2E28A	18	sub_2E278	5	1	0x2C319,0x302E0,0x30480	0x3CD17,0x3ED1E	game_or_library_unclassified
Z_DAT	0x2E28A	0x2E29C	18	sub_2E28A	5	1	0x2C319,0x302E0	0x3CC97,0x3ED1E	game_or_library_unclassified
Z_DAT	0x2E29C	0x2E2D7	59	sub_2E29C	21	7	0x2C319	0x2E29C,0x3ED1E	game_or_library_unclassified
Z_DAT	0x2E2D7	0x2E2F5	30	sub_2E2D7	8	3	0x2C319	0x2E2D7,0x3ED1E	game_or_library_unclassified
Z_DAT	0x2E2F5	0x2E337	66	sub_2E2F5	22	7	0x2C319	0x2E2F5,0x3ED1E	game_or_library_unclassified
Z_DAT	0x2E337	0x2E46B	308	sub_2E337	85	7	0x2C319	0x20C32,0x294AD,0x29537,0x2E337,0x3CF45,0x3DABF,0x3DAE3,0x3DB07,0x3DB2B,0x3ED1E,0x3EF96,0x3EFB9	game_or_library_unclassified
Z_DAT	0x2E46B	0x2E536	203	sub_2E46B	38	17	0x2C319	0x2E46B,0x3ED1E	game_or_library_unclassified
Z_DAT	0x2E536	0x2E571	59	sub_2E536	15	6	0x2C319	0x2E536,0x3ED1E	game_or_library_unclassified
Z_DAT	0x2E571	0x2E5E6	117	sub_2E571	37	10	0x2DF0E,0x312A6	0x2E571,0x3ED1E	game_or_library_unclassified
Z_DAT	0x2E639	0x2E659	32	sub_2E639	7	1	0x2C319	0x3ED1E	game_or_library_unclassified
Z_DAT	0x2E659	0x2EB49	1264	sub_2E659	330	28	0x2C319,0x30480	0x20C32,0x24C8D,0x2CEBF,0x2D678,0x2E659,0x3CD17,0x3CF19,0x3CF45,0x3D6D1,0x3D832,0x3D922,0x3DB47,0x3ED1E,0x3EE5F,0x3EF4A	game_or_library_unclassified
Z_DAT	0x2EB49	0x2ED7D	564	sub_2EB49	153	25	0x2C319	0x20C32,0x24C8D,0x2CEBF,0x2EB49,0x3CC97,0x3CD17,0x3CF19,0x3D6D1,0x3D832,0x3D922,0x3ED1E,0x3EE5F,0x3EF4A	game_or_library_unclassified
Z_DAT	0x2ED8D	0x2F053	710	sub_2ED8D	196	80	0x2C319	0x2D653,0x2ED8D,0x3DB83,0x3ED1E	game_or_library_unclassified
Z_DAT	0x2F053	0x2F107	180	sub_2F053	59	14	0x2C319	0x2D653,0x2D841,0x2ED8D,0x2F053,0x3DB83,0x3ED1E	game_or_library_unclassified
Z_DAT	0x2F107	0x2F136	47	sub_2F107	12	4	0x2C319	0x2F107,0x3ED1E	game_or_library_unclassified
Z_DAT	0x2F136	0x2F15F	41	sub_2F136	10	3	0x2C319	0x2F136,0x3ED1E	game_or_library_unclassified
Z_DAT	0x2F171	0x2F34C	475	sub_2F171	150	49	0x2C319	0x29819,0x299A1,0x2D653,0x2ED8D,0x2F171,0x3DB83,0x3ED1E	game_or_library_unclassified
Z_DAT	0x2F34C	0x2F39C	80	sub_2F34C	25	8	0x2C319,0x312A6	0x2F34C,0x3ED1E	game_or_library_unclassified
Z_DAT	0x2F39C	0x2F3F0	84	sub_2F39C	24	8	0x2C319,0x312A6	0x2B227,0x2ED8D,0x2F39C,0x3ED1E	game_or_library_unclassified
Z_DAT	0x2F3F0	0x2F526	310	sub_2F3F0	86	9	0x2C319	0x20C32,0x2CEBF,0x2D653,0x2DF0E,0x2F3F0,0x3D6D1,0x3D832,0x3ED1E,0x3EF4A,0x3EF7D	game_or_library_unclassified
Z_DAT	0x2F526	0x2F62F	265	sub_2F526	67	7	0x2C319	0x20C32,0x2CEBF,0x2D653,0x2F526,0x3D6D1,0x3D832,0x3ED1E,0x3EF4A,0x3EF7D	game_or_library_unclassified
Z_DAT	0x2F62F	0x2F6C2	147	sub_2F62F	41	9	0x2C319	0x2F62F,0x3ED1E	game_or_library_unclassified
Z_DAT	0x2F6C2	0x2F6E3	33	sub_2F6C2	9	3	0x2C319	0x2F6C2,0x3ED1E	game_or_library_unclassified
Z_DAT	0x2F6E3	0x2F721	62	sub_2F6E3	12	5	0x2C319	0x2F6E3,0x3ED1E	game_or_library_unclassified
Z_DAT	0x2F721	0x2F890	367	sub_2F721	105	21	0x2C319	0x20C32,0x294AD,0x29537,0x2D841,0x2F721,0x3CF45,0x3DABF,0x3DAE3,0x3DB07,0x3DB2B,0x3ED1E,0x3EF96,0x3EFB9	game_or_library_unclassified
Z_DAT	0x2F890	0x2F8AB	27	sub_2F890	6	1	0x2C319	0x3ED1E	game_or_library_unclassified
Z_DAT	0x2F8AB	0x2F8D1	38	sub_2F8AB	9	1	0x2C319	0x3ED1E	game_or_library_unclassified
Z_DAT	0x2F8D1	0x2F966	149	sub_2F8D1	44	10	0x2C319	0x2F8D1,0x3ED1E	game_or_library_unclassified
Z_DAT	0x2F966	0x2F9B5	79	sub_2F966	24	8	0x2C319	0x2F966,0x3ED1E	game_or_library_unclassified
Z_DAT	0x2F9B5	0x2F9F2	61	sub_2F9B5	21	7	0x2C319	0x2F9B5,0x3ED1E	game_or_library_unclassified
Z_DAT	0x2F9F2	0x2FAB7	197	sub_2F9F2	71	12	0x2C319	0x2D653,0x2D841,0x2F9F2,0x3DB83,0x3ED1E	game_or_library_unclassified
Z_DAT	0x2FAB7	0x2FBC0	265	sub_2FAB7	67	7	0x2C319	0x20C32,0x2CEBF,0x2D653,0x2FAB7,0x3D6D1,0x3D832,0x3ED1E,0x3EF4A,0x3EF7D	game_or_library_unclassified
Z_DAT	0x2FBC0	0x2FC9D	221	sub_2FBC0	61	3	0x2C319	0x20C32,0x2CEBF,0x2D653,0x2FBC0,0x3D6D1,0x3D832,0x3ED1E,0x3EF4A,0x3EF7D	game_or_library_unclassified
Z_DAT	0x2FC9D	0x2FDA6	265	sub_2FC9D	67	7	0x2C319	0x20C32,0x2CEBF,0x2D653,0x2FC9D,0x3D6D1,0x3D832,0x3ED1E,0x3EF4A,0x3EF7D	game_or_library_unclassified
Z_DAT	0x2FDA6	0x2FEBF	281	sub_2FDA6	78	8	0x2C319	0x20C32,0x2CEBF,0x2D653,0x2FDA6,0x3D6D1,0x3D832,0x3ED1E,0x3EF4A,0x3EF7D	game_or_library_unclassified
Z_DAT	0x2FEBF	0x2FEDF	32	sub_2FEBF	7	1	0x2C319	0x3ED1E	game_or_library_unclassified
Z_DAT	0x2FEDF	0x2FF87	168	sub_2FEDF	57	19	0x2C319	0x2FEDF,0x3ED1E	game_or_library_unclassified
Z_DAT	0x2FF87	0x2FFB3	44	sub_2FF87	13	2	0x2C319	0x2CC21,0x2DE39,0x3D612,0x3ED1E	game_or_library_unclassified
Z_DAT	0x2FFB3	0x30035	130	sub_2FFB3	34	2	0x2C319	0x20C32,0x2CEBF,0x2D653,0x3D6D1,0x3D832,0x3ED1E,0x3EF4A	game_or_library_unclassified
Z_DAT	0x30035	0x30094	95	sub_30035	25	2	0x2C319	0x2CEBF,0x2FFB3,0x3ED1E,0x3EF4A	game_or_library_unclassified
Z_DAT	0x30094	0x300D9	69	sub_30094	14	3	0x2C319	0x30094,0x3ED1E	game_or_library_unclassified
Z_DAT	0x300D9	0x300FF	38	sub_300D9	10	3	0x2C319	0x300D9,0x3ED1E	game_or_library_unclassified
Z_DAT	0x300FF	0x301D1	210	sub_300FF	59	16	0x2C319	0x2D841,0x300FF,0x3ED1E,0x3EEC7	game_or_library_unclassified
Z_DAT	0x301D1	0x302E0	271	sub_301D1	90	11	0x2C319	0x2D653,0x2D841,0x301D1,0x3DB83,0x3ED1E	game_or_library_unclassified
Z_DAT	0x302E0	0x30480	416	sub_302E0	131	16	0x2C319	0x2CC21,0x2D653,0x2D678,0x2D841,0x2E278,0x2E28A,0x302E0,0x30480,0x30510,0x3D612,0x3DB83,0x3ED1E	game_or_library_unclassified
Z_DAT	0x30480	0x30510	144	sub_30480	45	4	0x302E0	0x2CC21,0x2D653,0x2E278,0x2E659,0x30480,0x31C75,0x3ED1E	game_or_library_unclassified
Z_DAT	0x30510	0x30559	73	sub_30510	13	4	0x302E0	0x30510,0x3ED1E	game_or_library_unclassified
Z_DAT	0x30559	0x30A5A	1281	sub_30559	557	5	0x2C319	0x2D841,0x2E078,0x30559,0x3ED1E	game_or_library_unclassified
Z_DAT	0x30A5A	0x30B45	235	sub_30A5A	61	11	0x2C319	0x20C32,0x30A5A,0x3CF45,0x3DABF,0x3DB07,0x3DB2B,0x3ED1E,0x3EF96,0x3EFB9	game_or_library_unclassified
Z_DAT	0x30B45	0x30B81	60	sub_30B45	20	7	0x2C319	0x30B45,0x3ED1E	game_or_library_unclassified
Z_DAT	0x30B81	0x30C38	183	sub_30B81	63	10	0x2C319	0x2D653,0x2D841,0x30B81,0x30C3D,0x3DB83,0x3ED1E	game_or_library_unclassified
Z_DAT	0x30C3D	0x3123C	1535	sub_30C3D	382	15	0x30B81	0x20C32,0x30C3D,0x31241,0x3CC97,0x3CD17,0x3CF45,0x3D643,0x3D6D1,0x3D6E0,0x3D922,0x3D939,0x3DA66,0x3DABF,0x3DB07,0x3DB2B,0x3DB83,0x3ED1E,0x3EF96	game_or_library_unclassified
Z_DAT	0x31241	0x31280	63	sub_31241	14	1	0x30C3D	0x24C8D,0x3CF19,0x3DD57,0x3E25B,0x3ED1E,0x3EE5F,0x3EF96	game_or_library_unclassified
Z_DAT	0x31284	0x312A6	34	sub_31284	6	2	0x2C319	0x2DE39,0x3ED1E	game_or_library_unclassified
Z_DAT	0x312A6	0x3192E	1672	sub_312A6	473	79	0x2C319	0x2CC21,0x2CEBF,0x2D1CD,0x2D653,0x2D841,0x2E571,0x2F34C,0x2F39C,0x312A6,0x3D6D1,0x3D832,0x3ED1E,0x3EEC7,0x3EF4A	game_or_library_unclassified
Z_DAT	0x31945	0x31C2F	746	sub_31945	285	24	0x2C319	0x2D841,0x2DE39,0x31945,0x3D612,0x3ED1E	game_or_library_unclassified
Z_DAT	0x31C2F	0x31C4A	27	sub_31C2F	6	2	0x2C319	0x2DE39,0x3E1B2,0x3ED1E	game_or_library_unclassified
Z_DAT	0x31C4A	0x31C75	43	sub_31C4A	11	2	0x2C319	0x2DE39,0x3E288,0x3E2E2,0x3ED1E	game_or_library_unclassified
Z_DAT	0x31C75	0x31DA0	299	sub_31C75	72	4	0x2DE03,0x30480	0x31C75,0x31DA0,0x31EB9,0x3265C,0x3271E,0x3AA85,0x3CC97,0x3D6D1,0x3D6E0,0x3E1B2,0x3ED1E	game_or_library_unclassified
Z_DAT	0x31DA0	0x31EB9	281	sub_31DA0	80	11	0x31C75	0x20C32,0x31DA0,0x3CF45,0x3DA66,0x3DABF,0x3DB07,0x3DB2B,0x3ED1E,0x3EF96	game_or_library_unclassified
Z_DAT	0x31EB9	0x3265C	1955	sub_31EB9	453	86	0x31C75	0x29D2D,0x2CEBF,0x31EB9,0x3B1E6,0x3D6D1,0x3D832,0x3ED1E,0x3EF4A	game_or_library_unclassified
Z_DAT	0x3265C	0x3271E	194	sub_3265C	42	6	0x31C75	0x3265C,0x3B1E6,0x3ED1E	game_or_library_unclassified
Z_DAT	0x3271E	0x32A51	819	sub_3271E	166	47	0x31C75	0x3271E,0x32A51,0x32E59,0x33599,0x35372,0x3AA85,0x3B238,0x3C563,0x3C672,0x3CD17,0x3D6D1,0x3ED1E	game_or_library_unclassified
Z_DAT	0x32A51	0x32B78	295	sub_32A51	69	16	0x3271E	0x32A51,0x32B78,0x3ED1E	game_or_library_unclassified
Z_DAT	0x32B78	0x32E2F	695	sub_32B78	131	7	0x32A51,0x3AA17	0x32B78,0x3B1E6,0x3ED1E	game_or_library_unclassified
Z_DAT	0x32E59	0x33567	1806	sub_32E59	476	108	0x3271E	0x22066,0x2CEBF,0x32E59,0x36A98,0x37734,0x39776,0x39B1F,0x39E88,0x3A29C,0x3A8A4,0x3AA17,0x3AA4B,0x3AA85,0x3C6D3,0x3D6D1,0x3D832,0x3ED1E,0x3EF4A	game_or_library_unclassified
Z_DAT	0x33599	0x33C4D	1716	sub_33599	440	77	0x3271E,0x3AA4B	0x33599,0x33C4D,0x33E93,0x340D9,0x341F6,0x343DA,0x34550,0x34AD3,0x34AEC,0x34C47,0x3540E,0x35803,0x3582B,0x361AC,0x36209,0x36210,0x363AC,0x3650E,0x3C6D3,0x3D612,0x3D6D1,0x3DB83,0x3ED1E	game_or_library_unclassified
Z_DAT	0x33C4D	0x33E93	582	sub_33C4D	123	30	0x33599	0x33C4D,0x3ED1E	game_or_library_unclassified
Z_DAT	0x33E93	0x340D9	582	sub_33E93	118	31	0x33599	0x33C4D,0x33E93,0x3ED1E	game_or_library_unclassified
Z_DAT	0x340D9	0x341F6	285	sub_340D9	68	16	0x33599	0x340D9,0x3ED1E	game_or_library_unclassified
Z_DAT	0x341F6	0x343DA	484	sub_341F6	117	19	0x33599	0x341F6,0x3D612,0x3ED1E	game_or_library_unclassified
Z_DAT	0x343DA	0x34550	374	sub_343DA	88	17	0x33599	0x343DA,0x3D612,0x3ED1E	game_or_library_unclassified
Z_DAT	0x34550	0x34AD3	1411	sub_34550	328	67	0x33599	0x34550,0x3D612,0x3ED1E,0x3F50B	game_or_library_unclassified
Z_DAT	0x34AD3	0x34AEC	25	sub_34AD3	7	1	0x33599,0x34AEC,0x34C47,0x3540E,0x36210,0x363AC	0x3A8A4,0x3ED1E	game_or_library_unclassified
Z_DAT	0x34AEC	0x34C47	347	sub_34AEC	92	17	0x33599,0x35803	0x34AD3,0x34AEC,0x3650E,0x36E06,0x3ED1E,0x3F50B	game_or_library_unclassified
Z_DAT	0x34C47	0x3505B	1044	sub_34C47	248	54	0x33599,0x3540E,0x3582B,0x361AC,0x36210,0x363AC	0x34AD3,0x34C47,0x3505B,0x35372,0x3650E,0x36E7F,0x37734,0x3D612,0x3ED1E	game_or_library_unclassified
Z_DAT	0x3505B	0x3513A	223	sub_3505B	63	14	0x34C47,0x3582B	0x3505B,0x3513A,0x351A7,0x35217,0x35372,0x3D612,0x3ED1E	game_or_library_unclassified
Z_DAT	0x3513A	0x351A7	109	sub_3513A	32	8	0x3505B	0x3513A,0x3ED1E	game_or_library_unclassified
Z_DAT	0x351A7	0x35217	112	sub_351A7	32	8	0x3505B,0x35217	0x351A7,0x3ED1E	game_or_library_unclassified
Z_DAT	0x35217	0x35372	347	sub_35217	91	27	0x3505B	0x351A7,0x35217,0x3ED1E	game_or_library_unclassified
Z_DAT	0x35372	0x3540E	156	sub_35372	39	8	0x34C47,0x3505B	0x35372,0x36E7F,0x3ED1E	game_or_library_unclassified
Z_DAT	0x3540E	0x355FF	497	sub_3540E	115	11	0x33599	0x34AD3,0x34C47,0x3540E,0x355FF,0x3650E,0x36E7F,0x397E5,0x3ED1E,0x3F50B	game_or_library_unclassified
Z_DAT	0x355FF	0x35667	104	sub_355FF	32	6	0x3540E	0x355FF,0x35667,0x3570F,0x3D612,0x3ED1E	game_or_library_unclassified
Z_DAT	0x35667	0x3570F	168	sub_35667	46	12	0x355FF	0x35667,0x3ED1E	game_or_library_unclassified
Z_DAT	0x3570F	0x35803	244	sub_3570F	56	12	0x355FF	0x3570F,0x36E7F,0x3ED1E	game_or_library_unclassified
Z_DAT	0x35803	0x3582B	40	sub_35803	14	1	0x33599	0x34AEC,0x3598C,0x3ED1E	game_or_library_unclassified
Z_DAT	0x3582B	0x3598C	353	sub_3582B	84	6	0x33599	0x34C47,0x3505B,0x3582B,0x3598C,0x3650E,0x36E7F,0x3ED1E	game_or_library_unclassified
Z_DAT	0x3598C	0x36133	1959	sub_3598C	440	75	0x35803,0x3582B	0x2B227,0x2B483,0x3598C,0x36133,0x3884A,0x38910,0x3D612,0x3DB83,0x3ED1E,0x3F50B	game_or_library_unclassified
Z_DAT	0x36133	0x361AC	121	sub_36133	28	4	0x3598C	0x36133,0x3ED1E	game_or_library_unclassified
Z_DAT	0x361AC	0x36209	93	sub_361AC	22	4	0x33599	0x34C47,0x361AC,0x3650E,0x3ED1E	game_or_library_unclassified
Z_DAT	0x36209	0x36210	7	sub_36209	2	2	0x33599	0x361AC	game_or_library_unclassified
Z_DAT	0x36210	0x363AC	412	sub_36210	97	9	0x33599	0x34AD3,0x34C47,0x36210,0x3650E,0x36E7F,0x39EF7,0x3ED1E,0x3F50B	game_or_library_unclassified
Z_DAT	0x363AC	0x3650E	354	sub_363AC	79	9	0x33599	0x34AD3,0x34C47,0x363AC,0x3650E,0x36E7F,0x397E5,0x39B8E,0x3ED1E	game_or_library_unclassified
Z_DAT	0x3650E	0x36A98	1418	sub_3650E	311	77	0x33599,0x34AEC,0x34C47,0x3540E,0x3582B,0x361AC,0x36210,0x363AC	0x3650E,0x36E06,0x36E7F,0x37245,0x37355,0x3ED1E,0x3F50B	game_or_library_unclassified
Z_DAT	0x36A98	0x36AF7	95	sub_36A98	32	3	0x32E59	0x36A98,0x36AF7,0x37245,0x37355,0x3ED1E	game_or_library_unclassified
Z_DAT	0x36AF7	0x36E06	783	sub_36AF7	157	38	0x36A98,0x37734,0x39776,0x39B1F,0x39E88,0x3A30B	0x3650E,0x36AF7,0x36E06,0x36E7F,0x3AA85,0x3D6D1,0x3ED1E	game_or_library_unclassified
Z_DAT	0x36E06	0x36E7F	121	sub_36E06	20	3	0x34AEC,0x3650E,0x36AF7	0x36E06,0x36EF8,0x37070,0x3ED1E	game_or_library_unclassified
Z_DAT	0x36E7F	0x36EF8	121	sub_36E7F	20	3	0x34C47,0x35372,0x3540E,0x3570F,0x3582B,0x36210,0x363AC,0x3650E,0x36AF7	0x36E7F,0x36FF9,0x37070,0x3ED1E	game_or_library_unclassified
Z_DAT	0x36EF8	0x36FF9	257	sub_36EF8	72	25	0x36E06	0x36EF8,0x397E5,0x3ED1E	game_or_library_unclassified
Z_DAT	0x36FF9	0x37070	119	sub_36FF9	39	16	0x36E7F	0x36FF9,0x3ED1E	game_or_library_unclassified
Z_DAT	0x37070	0x37166	246	sub_37070	76	14	0x36E06,0x36E7F	0x3598C,0x37070,0x37166,0x371AE,0x371F7,0x3721E,0x3ED1E	game_or_library_unclassified
Z_DAT	0x37166	0x371AE	72	sub_37166	21	1	0x37070	0x3ED1E	game_or_library_unclassified
Z_DAT	0x371AE	0x371F7	73	sub_371AE	18	1	0x37070	0x3ED1E	game_or_library_unclassified
Z_DAT	0x371F7	0x3721E	39	sub_371F7	10	1	0x37070,0x37245,0x37355	0x3ED1E	game_or_library_unclassified
Z_DAT	0x3721E	0x37245	39	sub_3721E	9	1	0x37070,0x37245,0x37355	0x3ED1E	game_or_library_unclassified
Z_DAT	0x37245	0x37355	272	sub_37245	75	14	0x3650E,0x36A98	0x34550,0x371F7,0x3721E,0x37245,0x3ED1E	game_or_library_unclassified
Z_DAT	0x37355	0x37734	991	sub_37355	215	51	0x3650E,0x36A98	0x371F7,0x3721E,0x37355,0x3AA85,0x3B1E6,0x3C6D3,0x3D6D1,0x3DB83,0x3ED1E,0x3F50B	game_or_library_unclassified
Z_DAT	0x37734	0x3859E	3690	sub_37734	837	135	0x32E59,0x34C47	0x2CEBF,0x36AF7,0x37734,0x3859E,0x38910,0x38999,0x38DAC,0x39188,0x395EC,0x3AA85,0x3B1E6,0x3D612,0x3D6D1,0x3D832,0x3DB83,0x3ED1E,0x3EF4A,0x3EF7D,0x3F50B	game_or_library_unclassified
Z_DAT	0x3859E	0x3884A	684	sub_3859E	174	22	0x37734,0x397E5,0x39B8E,0x39EF7	0x3859E,0x3AA85,0x3D6D1,0x3D6E0,0x3DB83,0x3E288,0x3E2E2,0x3ED1E	game_or_library_unclassified
Z_DAT	0x3884A	0x38910	198	sub_3884A	56	7	0x3598C,0x3A30B	0x3884A,0x3AA85,0x3D6D1,0x3DB83,0x3E288,0x3E2E2,0x3ED1E	game_or_library_unclassified
Z_DAT	0x38910	0x38988	120	sub_38910	31	8	0x3598C,0x37734,0x397E5,0x39B8E,0x39EF7,0x3A30B	0x38910,0x3AA85,0x3D6D1,0x3DB83,0x3ED1E	game_or_library_unclassified
Z_DAT	0x38999	0x38DAC	1043	sub_38999	248	39	0x37734	0x38999,0x39188,0x3C6D3,0x3ED1E	game_or_library_unclassified
Z_DAT	0x38DAC	0x39188	988	sub_38DAC	259	70	0x37734	0x2CEBF,0x38DAC,0x3AA85,0x3D6D1,0x3D832,0x3ED1E,0x3EF4A	game_or_library_unclassified
Z_DAT	0x39188	0x395EC	1124	sub_39188	283	44	0x37734,0x38999	0x3598C,0x39188,0x3D612,0x3ED1E	game_or_library_unclassified
Z_DAT	0x395EC	0x39776	394	sub_395EC	96	7	0x37734	0x395EC,0x3D612,0x3ED1E	game_or_library_unclassified
Z_DAT	0x39776	0x397E5	111	sub_39776	36	3	0x32E59	0x36AF7,0x39776,0x397E5,0x3ED1E	game_or_library_unclassified
Z_DAT	0x397E5	0x39A45	608	sub_397E5	148	30	0x3540E,0x39776	0x3859E,0x38910,0x397E5,0x39A45,0x3B1E6,0x3ED1E,0x3F50B	game_or_library_unclassified
Z_DAT	0x39A45	0x39B1F	218	sub_39A45	52	11	0x397E5	0x39A45,0x3ED1E	game_or_library_unclassified
Z_DAT	0x39B1F	0x39B8E	111	sub_39B1F	36	3	0x32E59	0x36AF7,0x39B1F,0x39B8E,0x3ED1E	game_or_library_unclassified
Z_DAT	0x39B8E	0x39DA3	533	sub_39B8E	132	28	0x363AC,0x39B1F	0x3859E,0x38910,0x397E5,0x39B8E,0x39DA3,0x3B1E6,0x3ED1E,0x3F50B	game_or_library_unclassified
Z_DAT	0x39DA3	0x39E88	229	sub_39DA3	54	13	0x21AC0,0x39B8E	0x39DA3,0x3D612,0x3ED1E	game_or_library_unclassified
Z_DAT	0x39E88	0x39EF7	111	sub_39E88	36	3	0x32E59	0x36AF7,0x39E88,0x39EF7,0x3ED1E	game_or_library_unclassified
Z_DAT	0x39EF7	0x3A10C	533	sub_39EF7	132	28	0x36210,0x39E88	0x3859E,0x38910,0x397E5,0x39EF7,0x3A10C,0x3B1E6,0x3ED1E,0x3F50B	game_or_library_unclassified
Z_DAT	0x3A10C	0x3A29C	400	sub_3A10C	103	25	0x21496,0x39EF7	0x3A10C,0x3D612,0x3ED1E	game_or_library_unclassified
Z_DAT	0x3A29C	0x3A30B	111	sub_3A29C	33	5	0x32E59	0x2A10F,0x2A186,0x2A86C,0x3A29C,0x3A30B,0x3ED1E	game_or_library_unclassified
Z_DAT	0x3A30B	0x3A8A4	1433	sub_3A30B	340	62	0x3A29C	0x2B227,0x36AF7,0x3884A,0x38910,0x3A30B,0x3B1E6,0x3D612,0x3ED1E,0x3F50B	game_or_library_unclassified
Z_DAT	0x3A8A4	0x3AA17	371	sub_3A8A4	83	11	0x32E59,0x34AD3	0x3A8A4,0x3D612,0x3ED1E	game_or_library_unclassified
Z_DAT	0x3AA17	0x3AA4B	52	sub_3AA17	20	4	0x32E59	0x32B78,0x3AA17,0x3ED1E	game_or_library_unclassified
Z_DAT	0x3AA4B	0x3AA85	58	sub_3AA4B	13	1	0x32E59	0x33599,0x3AA85,0x3D6D1,0x3ED1E	game_or_library_unclassified
Z_DAT	0x3AA85	0x3B1E6	1889	sub_3AA85	527	58	0x22090,0x22A59,0x2A186,0x2A86C,0x2B483,0x31C75,0x3271E,0x32E59,0x36AF7,0x37355,0x37734,0x3859E,0x3884A,0x38910,0x38DAC,0x3AA4B,0x3B238,0x3B387,0x3B6BE,0x3BA85,0x3C2AC	0x3AA85,0x3D643,0x3D68A,0x3D832,0x3D88A,0x3ED1E,0x3EF4A	game_or_library_unclassified
Z_DAT	0x3B1E6	0x3B238	82	sub_3B1E6	20	1	0x31EB9,0x3265C,0x32B78,0x37355,0x37734,0x397E5,0x39B8E,0x39EF7,0x3A30B	0x3ED1E	game_or_library_unclassified
Z_DAT	0x3B238	0x3B387	335	sub_3B238	84	23	0x3271E	0x20C32,0x2CEBF,0x3AA85,0x3B238,0x3B387,0x3D6D1,0x3D832,0x3ED1E,0x3EF4A	game_or_library_unclassified
Z_DAT	0x3B387	0x3B6BE	823	sub_3B387	194	44	0x3B238	0x20C32,0x2CEBF,0x3AA85,0x3B387,0x3B6BE,0x3BA85,0x3C2AC,0x3D6D1,0x3D832,0x3ED1E,0x3EF4A	game_or_library_unclassified
Z_DAT	0x3B6BE	0x3BA85	967	sub_3B6BE	201	54	0x3B387	0x20C32,0x2CEBF,0x397E5,0x3AA85,0x3B6BE,0x3D612,0x3D6D1,0x3D832,0x3ED1E,0x3EF4A	game_or_library_unclassified
Z_DAT	0x3BA85	0x3C2AC	2087	sub_3BA85	415	94	0x3B387	0x20C32,0x2CEBF,0x34C47,0x3AA85,0x3BA85,0x3D6D1,0x3D832,0x3ED1E,0x3EF4A,0x3EF7D	game_or_library_unclassified
Z_DAT	0x3C2AC	0x3C563	695	sub_3C2AC	171	33	0x3B387	0x20C32,0x2B227,0x2CEBF,0x3AA85,0x3C2AC,0x3C6D3,0x3D612,0x3D6D1,0x3D832,0x3ED1E,0x3EEC7,0x3EF4A	game_or_library_unclassified
Z_DAT	0x3C563	0x3C672	271	sub_3C563	58	13	0x3271E	0x3C563,0x3ED1E	game_or_library_unclassified
Z_DAT	0x3C672	0x3C6D3	97	sub_3C672	24	8	0x3271E	0x3C672,0x3ED1E	game_or_library_unclassified
Z_DAT	0x3C6D3	0x3CBE3	1296	sub_3C6D3	338	39	0x32E59,0x33599	0x2CEBF,0x2D590,0x3C6D3,0x3D832,0x3ED1E,0x3EF4A	game_or_library_unclassified
Z_DAT	0x3CBE3	0x3CC97	180	sub_3CBE3	59	13	0x20D35,0x26B5E,0x28E40	0x3CBE3,0x3D939,0x3ED1E	game_or_library_unclassified
Z_DAT	0x3CC97	0x3CD17	128	sub_3CC97	50	15	0x20FAF,0x25911,0x25BBA,0x26208,0x26B5E,0x28E40,0x2E28A,0x2EB49,0x30C3D,0x31C75	0x3CC97,0x3D939,0x3ED1E	game_or_library_unclassified
Z_DAT	0x3CD17	0x3CDE3	204	sub_3CD17	76	24	0x20FAF,0x25911,0x25BBA,0x26208,0x26B5E,0x28E40,0x2E278,0x2E659,0x2EB49,0x30C3D,0x3271E	0x3CD17,0x3D939,0x3ED1E	game_or_library_unclassified
Z_DAT	0x3CDFF	0x3CF19	282	sub_3CDFF	67	8	0x20D35	0x3CDFF,0x3D5DE,0x3DD66,0x3ED1E,0x3EE5F,0x3EF96,0x3EFB9,0x3F516,0x3F544,0x3F64D,0x3F65B,0x3F690	game_or_library_unclassified
Z_DAT	0x3CF19	0x3CF45	44	sub_3CF19	10	2	0x20D35,0x20FAF,0x25D0E,0x2E659,0x2EB49,0x31241	0x20000,0x3DD57,0x3ED1E,0x3F690	game_or_library_unclassified
Z_DAT	0x3CF45	0x3CFF2	173	sub_3CF45	53	5	0x20D35,0x20FAF,0x247DD,0x26208,0x265AB,0x27A26,0x29391,0x294AD,0x29537,0x295D0,0x2C319,0x2CC21,0x2D590,0x2D841,0x2DBF4,0x2E337,0x2E659,0x2F721,0x30A5A,0x30C3D,0x31DA0,0x3D6E0,0x3E1B2,0x3E2E2	0x20C32,0x3CF45,0x3E33D,0x3ED1E,0x3EF4A,0x3EF96,0x3EFB9,0x3F544,0x3F64D,0x3F6CA,0x3F728	game_or_library_unclassified
Z_DAT	0x3D1E5	0x3D27A	149	sub_3D1E5	56	8	0x3D832	0x20615,0x20663,0x3D1E5,0x3D27A,0x3ED1E	game_or_library_unclassified
Z_DAT	0x3D27A	0x3D34A	208	sub_3D27A	63	8	0x3D1E5,0x3D950	0x3D27A,0x3E33D,0x3ED1E,0x3F544,0x3F728	game_or_library_unclassified
Z_DAT	0x3D34A	0x3D419	207	sub_3D34A	62	13	0x20FAF	0x3D34A,0x3ED1E	game_or_library_unclassified
Z_DAT	0x3D5DE	0x3D612	52	sub_3D5DE	16	1	0x3CDFF	0x3ED1E,0x3F969,0x3F9B0	game_or_library_unclassified
Z_DAT	0x3D612	0x3D643	49	sub_3D612	15	4	0x2399E,0x23B3E,0x2558B,0x2711A,0x29D2D,0x2B483,0x2FF87,0x302E0,0x31945,0x33599,0x341F6,0x343DA,0x34550,0x34C47,0x3505B,0x355FF,0x3598C,0x37734,0x39188,0x395EC,0x39DA3,0x3A10C,0x3A30B,0x3A8A4,0x3B6BE,0x3C2AC	0x3D612,0x3ED1E,0x3F98D	game_or_library_unclassified
Z_DAT	0x3D643	0x3D68A	71	sub_3D643	22	4	0x20FAF,0x2558B,0x2711A,0x29D2D,0x2A186,0x30C3D,0x3AA85	0x20354,0x3D643,0x3ED1E	game_or_library_unclassified
Z_DAT	0x3D68A	0x3D6D1	71	sub_3D68A	21	4	0x3AA85	0x2094A,0x3D68A,0x3ED1E	game_or_library_unclassified
Z_DAT	0x3D6D1	0x3D6E0	15	sub_3D6D1	3	2	0x20D35,0x20FAF,0x212C0,0x21496,0x21AC0,0x22090,0x22A59,0x24A02,0x25911,0x25BBA,0x25D0E,0x25F87,0x26208,0x26B5E,0x2711A,0x27A26,0x2841A,0x287CA,0x28E40,0x29C36,0x2A186,0x2A86C,0x2B308,0x2B3B4,0x2B483,0x2C0BB,0x2CC21,0x2D653,0x2D678,0x2DD77,0x2DE7D,0x2DF0E,0x2E155,0x2E659,0x2EB49,0x2F3F0,0x2F526,0x2FAB7,0x2FBC0,0x2FC9D,0x2FDA6,0x2FFB3,0x30C3D,0x312A6,0x31C75,0x31EB9,0x3271E,0x32E59,0x33599,0x36AF7,0x37355,0x37734,0x3859E,0x3884A,0x38910,0x38DAC,0x3AA4B,0x3B238,0x3B387,0x3B6BE,0x3BA85,0x3C2AC	0x20039,0x3ED1E	game_or_library_unclassified
Z_DAT	0x3D6E0	0x3D832	338	sub_3D6E0	101	16	0x20FAF,0x26208,0x265AB,0x26B5E,0x28E40,0x30C3D,0x31C75,0x3859E	0x20000,0x3CF45,0x3D6E0,0x3E33D,0x3ED1E,0x3EE5F,0x3EF4A,0x3EF96,0x3EFB9,0x3F544,0x3F64D,0x3F728	game_or_library_unclassified
Z_DAT	0x3D832	0x3D88A	88	sub_3D832	30	4	0x21496,0x21AC0,0x22090,0x22A59,0x25BBA,0x25D0E,0x25F87,0x269AB,0x2711A,0x27A26,0x2841A,0x287CA,0x28975,0x2A186,0x2A86C,0x2B483,0x2C0BB,0x2D678,0x2DD77,0x2DE7D,0x2DF0E,0x2E155,0x2E659,0x2EB49,0x2F3F0,0x2F526,0x2FAB7,0x2FBC0,0x2FC9D,0x2FDA6,0x2FFB3,0x312A6,0x31EB9,0x32E59,0x37734,0x38DAC,0x3AA85,0x3B238,0x3B387,0x3B6BE,0x3BA85,0x3C2AC,0x3C6D3	0x3D1E5,0x3D832,0x3ED1E	game_or_library_unclassified
Z_DAT	0x3D88A	0x3D8AD	35	sub_3D88A	9	1	0x2558B,0x3AA85	0x206AD,0x3ED1E	game_or_library_unclassified
Z_DAT	0x3D8AD	0x3D8D8	43	sub_3D8AD	11	1	0x2CEBF,0x2D1CD	0x2050A,0x3ED1E	game_or_library_unclassified
Z_DAT	0x3D8D8	0x3D8FF	39	sub_3D8D8	10	1	0x20FAF,0x2711A,0x27A26,0x2841A,0x287CA,0x28975,0x2A74C,0x2A7E8,0x2CEBF,0x2D372,0x2D501	0x2010A,0x3ED1E	game_or_library_unclassified
Z_DAT	0x3D8FF	0x3D922	35	sub_3D8FF	10	1	0x2D590	0x20354,0x3ED1E	game_or_library_unclassified
Z_DAT	0x3D922	0x3D939	23	sub_3D922	6	1	0x20D35,0x26B5E,0x28E40,0x2E659,0x2EB49,0x30C3D	0x2005B,0x3ED1E	game_or_library_unclassified
Z_DAT	0x3D939	0x3D950	23	sub_3D939	6	1	0x20FAF,0x30C3D,0x3CBE3,0x3CC97,0x3CD17	0x20087,0x3ED1E	game_or_library_unclassified
Z_DAT	0x3D950	0x3DA40	240	sub_3D950	81	13	0x2CC21	0x20615,0x20663,0x3D27A,0x3D6E0,0x3D950,0x3ED1E	game_or_library_unclassified
Z_DAT	0x3DA40	0x3DA66	38	sub_3DA40	9	1	0x25AB7,0x26208,0x265AB	0x3E33D,0x3ED1E,0x3EFB9	game_or_library_unclassified
Z_DAT	0x3DA66	0x3DABF	89	sub_3DA66	23	3	0x247DD,0x24C23,0x25AB7,0x29537,0x2C319,0x2CC21,0x2D590,0x30C3D,0x31DA0	0x3DA66,0x3E33D,0x3ED1E,0x3EF4A,0x3EFB9	game_or_library_unclassified
Z_DAT	0x3DABF	0x3DAE3	36	sub_3DABF	9	1	0x247DD,0x24D43,0x24DB8,0x24E2D,0x24EA2,0x24F17,0x25AB7,0x26208,0x265AB,0x29391,0x2C319,0x2CC21,0x2D590,0x2D841,0x2DBF4,0x2E337,0x2F721,0x30A5A,0x30C3D,0x31DA0	0x3E33D,0x3ED1E,0x3F544	game_or_library_unclassified
Z_DAT	0x3DAE3	0x3DB07	36	sub_3DAE3	9	1	0x25AB7,0x26208,0x265AB,0x29537,0x295D0,0x2D841,0x2DBF4,0x2E337,0x2F721	0x3E33D,0x3ED1E,0x3F775	game_or_library_unclassified
Z_DAT	0x3DB07	0x3DB2B	36	sub_3DB07	9	1	0x247DD,0x24D43,0x24DB8,0x24E2D,0x24EA2,0x24F17,0x25AB7,0x26208,0x265AB,0x29391,0x294AD,0x29537,0x295D0,0x2C319,0x2CC21,0x2D590,0x2D841,0x2DBF4,0x2E337,0x2F721,0x30A5A,0x30C3D,0x31DA0	0x3E33D,0x3ED1E,0x3F728	game_or_library_unclassified
Z_DAT	0x3DB2B	0x3DB47	28	sub_3DB2B	7	1	0x247DD,0x24C8D,0x25AB7,0x26208,0x265AB,0x29391,0x29537,0x295D0,0x2C319,0x2CC21,0x2D590,0x2D841,0x2DBF4,0x2E337,0x2F721,0x30A5A,0x30C3D,0x31DA0	0x3E33D,0x3ED1E,0x3F64D	game_or_library_unclassified
Z_DAT	0x3DB47	0x3DB83	60	sub_3DB47	18	1	0x2E659	0x3ED1E,0x3F94A	game_or_library_unclassified
Z_DAT	0x3DB83	0x3DBBF	60	sub_3DB83	24	6	0x27A26,0x2ED8D,0x2F053,0x2F171,0x2F9F2,0x301D1,0x302E0,0x30B81,0x30C3D,0x33599,0x3598C,0x37355,0x37734,0x3859E,0x3884A,0x38910	0x3DB83,0x3ED1E	game_or_library_unclassified
Z_DAT	0x3DD57	0x3DD66	15	sub_3DD57	3	17	0x20D35,0x20FAF,0x25D0E,0x31241,0x3CF19	0x3DD57,0x3ED1E	game_or_library_unclassified
Z_DAT	0x3DD66	0x3DE4D	231	sub_3DD66	59	8	0x3CDFF	0x3DD66,0x3ED1E,0x3EF96,0x3FB7E,0x3FDB9,0x40DE0,0x41005,0x4278C,0x429B1	game_or_library_unclassified
Z_DAT	0x3DE4D	0x3DECB	126	sub_3DE4D					game_or_library_unclassified_report_recovered
Z_DAT	0x3DECB	0x3DF59	142	sub_3DECB	35	5	0x3E1B2	0x3DECB,0x3DF59,0x3E55D,0x3ED1E,0x42AF2,0x42BDE,0x42E5C,0x42EC9,0x43239	game_or_library_unclassified
Z_DAT	0x3DF59	0x3DF90	55	sub_3DF59	12	3	0x3DECB,0x3E1B2	0x3DF59,0x3E573,0x3ED1E,0x42D0D	game_or_library_unclassified
Z_DAT	0x3DF90	0x3E088	248	sub_3DF90	61	9	0x3E288	0x3DF90,0x3E172,0x3E33D,0x3E55D,0x3ED1E,0x41232,0x41383,0x413F8,0x4146D,0x41601,0x4166E,0x417B5	game_or_library_unclassified
Z_DAT	0x3E088	0x3E172	234	sub_3E088					game_or_library_unclassified_report_recovered
Z_DAT	0x3E172	0x3E1B2	64	sub_3E172	15	3	0x3DF90,0x3E2E2	0x3E172,0x3E573,0x3ED1E,0x4159C	game_or_library_unclassified
Z_DAT	0x3E1B2	0x3E23B	137	sub_3E1B2	33	1	0x20D35,0x26B5E,0x28E40,0x31C2F,0x31C75	0x3CF45,0x3DECB,0x3DF59,0x3E25B,0x3ED1E	game_or_library_unclassified
Z_DAT	0x3E23B	0x3E25B	32	sub_3E23B					game_or_library_unclassified_report_recovered
Z_DAT	0x3E25B	0x3E288	45	sub_3E25B	11	1	0x20D35,0x25D0E,0x31241,0x3E1B2	0x3ED1E,0x42DE7,0x45224	game_or_library_unclassified
Z_DAT	0x3E288	0x3E2E2	90	sub_3E288	22	5	0x31C4A,0x3859E,0x3884A	0x3DF90,0x3E288,0x3ED1E	game_or_library_unclassified
Z_DAT	0x3E2E2	0x3E33D	91	sub_3E2E2	23	5	0x31C4A,0x3859E,0x3884A	0x3CF45,0x3E172,0x3E288,0x3E2E2,0x3E33D,0x3ED1E	game_or_library_unclassified
Z_DAT	0x3E33D	0x3E348	11	sub_3E33D	3	1	0x3CF45,0x3D27A,0x3D6E0,0x3DA40,0x3DA66,0x3DABF,0x3DAE3,0x3DB07,0x3DB2B,0x3DF90,0x3E2E2	0x3ED1E	game_or_library_unclassified
Z_DAT	0x3E3C2	0x3E3E7	37	sub_3E3C2	14	3	0x44D38,0x48814,0x4B584	0x3E3C2,0x3E55D,0x3ED5B	game_or_library_unclassified
Z_DAT	0x3E3E7	0x3E40C	37	sub_3E3E7	10	3	0x44D38,0x44F4B,0x48814,0x4B584	0x3E3E7,0x3E573,0x45229	game_or_library_unclassified
Z_DAT	0x3E40C	0x3E497	139	sub_3E40C	48	6	0x44D38,0x48814	0x3E40C,0x3E4C6,0x3F516	game_or_library_unclassified
Z_DAT	0x3E497	0x3E4C6	47	sub_3E497	14	1	0x44D38,0x44F4B,0x48814	0x3F516	game_or_library_unclassified
Z_DAT	0x3E4C6	0x3E535	111	sub_3E4C6	36	7	0x3E40C,0x3E55D,0x3F9C0,0x448D5,0x47516,0x47C90,0x49BF0,0x515C8	0x3E4C6,0x3F516	game_or_library_unclassified
Z_DAT	0x3E535	0x3E55D	40	sub_3E535	14	7	0x3E573	0x3E4C6,0x3E535	game_or_library_unclassified
Z_DAT	0x3E55D	0x3E573	22	sub_3E55D	7	1	0x3DECB,0x3DF90,0x3E3C2,0x3F9C0,0x448D5,0x47C90,0x49BF0	0x3E4C6	game_or_library_unclassified
Z_DAT	0x3E573	0x3E589	22	sub_3E573	7	1	0x3DF59,0x3E172,0x3E3E7	0x3E535	game_or_library_unclassified
Z_DAT	0x3EB1E	0x3EB81	99	sub_3EB1E	25	5	0x3EB81,0x48DD4,0x4BBBC	0x3EB1E,0x3EFB9,0x3F64D,0x3F6CA	game_or_library_unclassified
Z_DAT	0x3EB81	0x3EC32	177	sub_3EB81	59	13	0x48DD4,0x4BBBC	0x3EB1E,0x3EB81,0x3ED5B,0x3EFB9,0x3F544,0x3F64D,0x45229	game_or_library_unclassified
Z_DAT	0x3ED1E	0x3ED2E	16	sub_3ED1E	4	1	0x20D35,0x20FAF,0x212C0,0x21496,0x21AC0,0x22066,0x22090,0x22A59,0x2399E,0x23AA6,0x23B3E,0x23C98,0x23F28,0x241DC,0x2422A,0x24278,0x24417,0x24496,0x24559,0x24667,0x246F9,0x247DD,0x24A02,0x24C23,0x24C8D,0x24CE8,0x24D43,0x24DB8,0x24E2D,0x24EA2,0x24F17,0x24F8C,0x2558B,0x25911,0x25AB7,0x25BBA,0x25D0E,0x25F87,0x26208,0x265AB,0x269AB,0x26A92,0x26B5E,0x2711A,0x27A26,0x2841A,0x287CA,0x28975,0x28E40,0x29391,0x294AD,0x29537,0x295D0,0x296E6,0x29819,0x299A1,0x29B3C,0x29C36,0x29D2D,0x2A0D9,0x2A10F,0x2A186,0x2A74C,0x2A7E8,0x2A86C,0x2B227,0x2B288,0x2B308,0x2B3B4,0x2B483,0x2BD8B,0x2C0BB,0x2C319,0x2CC21,0x2CEBF,0x2D1CD,0x2D372,0x2D501,0x2D590,0x2D653,0x2D678,0x2D841,0x2DBF4,0x2DD45,0x2DD77,0x2DE03,0x2DE39,0x2DE7D,0x2DF0E,0x2E078,0x2E155,0x2E1E8,0x2E278,0x2E28A,0x2E29C,0x2E2D7,0x2E2F5,0x2E337,0x2E46B,0x2E536,0x2E571,0x2E639,0x2E659,0x2EB49,0x2ED8D,0x2F053,0x2F107,0x2F136,0x2F171,0x2F34C,0x2F39C,0x2F3F0,0x2F526,0x2F62F,0x2F6C2,0x2F6E3,0x2F721,0x2F890,0x2F8AB,0x2F8D1,0x2F966,0x2F9B5,0x2F9F2,0x2FAB7,0x2FBC0,0x2FC9D,0x2FDA6,0x2FEBF,0x2FEDF,0x2FF87,0x2FFB3,0x30035,0x30094,0x300D9,0x300FF,0x301D1,0x302E0,0x30480,0x30510,0x30559,0x30A5A,0x30B45,0x30B81,0x30C3D,0x31241,0x31284,0x312A6,0x31945,0x31C2F,0x31C4A,0x31C75,0x31DA0,0x31EB9,0x3265C,0x3271E,0x32A51,0x32B78,0x32E59,0x33599,0x33C4D,0x33E93,0x340D9,0x341F6,0x343DA,0x34550,0x34AD3,0x34AEC,0x34C47,0x3505B,0x3513A,0x351A7,0x35217,0x35372,0x3540E,0x355FF,0x35667,0x3570F,0x35803,0x3582B,0x3598C,0x36133,0x361AC,0x36210,0x363AC,0x3650E,0x36A98,0x36AF7,0x36E06,0x36E7F,0x36EF8,0x36FF9,0x37070,0x37166,0x371AE,0x371F7,0x3721E,0x37245,0x37355,0x37734,0x3859E,0x3884A,0x38910,0x38999,0x38DAC,0x39188,0x395EC,0x39776,0x397E5,0x39A45,0x39B1F,0x39B8E,0x39DA3,0x39E88,0x39EF7,0x3A10C,0x3A29C,0x3A30B,0x3A8A4,0x3AA17,0x3AA4B,0x3AA85,0x3B1E6,0x3B238,0x3B387,0x3B6BE,0x3BA85,0x3C2AC,0x3C563,0x3C672,0x3C6D3,0x3CBE3,0x3CC97,0x3CD17,0x3CDFF,0x3CF19,0x3CF45,0x3D1E5,0x3D27A,0x3D34A,0x3D5DE,0x3D612,0x3D643,0x3D68A,0x3D6D1,0x3D6E0,0x3D832,0x3D88A,0x3D8AD,0x3D8D8,0x3D8FF,0x3D922,0x3D939,0x3D950,0x3DA40,0x3DA66,0x3DABF,0x3DAE3,0x3DB07,0x3DB2B,0x3DB47,0x3DB83,0x3DD57,0x3DD66,0x3DECB,0x3DF59,0x3DF90,0x3E172,0x3E1B2,0x3E25B,0x3E288,0x3E2E2,0x3E33D	0x3ED31	game_or_library_unclassified
Z_DAT	0x3ED31	0x3ED4F	30	sub_3ED31	11	6	0x3ED1E	0x3ED31,0x3ED4F	game_or_library_unclassified
Z_DAT	0x3ED4F	0x3ED5B	12	sub_3ED4F	3	2	0x3ED31,0x3F775	0x453CF	game_or_library_unclassified
Z_DAT	0x3ED5B	0x3ED69	14	sub_3ED5B	5	1	0x20D35,0x3E3C2,0x3EB81,0x4DFAC,0x4E524	0x3ED69	game_or_library_unclassified
Z_DAT	0x3ED69	0x3EE5E	245	sub_3ED69	84	22	0x3ED5B	0x3ED69,0x453FE,0x459E3,0x45BC2	game_or_library_unclassified
Z_DAT	0x3EE5E	0x3EE5F	1	nullsub_1	1	1	0x3EE5F,0x3EE79		game_or_library_unclassified
Z_DAT	0x3EE5F	0x3EE75	22	sub_3EE5F	5	1	0x20D35,0x20FAF,0x25D0E,0x27A26,0x2E659,0x2EB49,0x31241,0x3CDFF,0x3D6E0	0x3EE5E,0x3EE79	game_or_library_unclassified
Z_DAT	0x3EE79	0x3EE8F	22	sub_3EE79	5	2	0x3EE5F	0x3EE5E,0x3F234	game_or_library_unclassified
Z_DAT	0x3EE90	0x3EEC1	49	sub_3EE90	24	9	0x24A02,0x24F8C,0x26B5E,0x2A10F,0x453A0	0x3EE90,0x3EEC7	game_or_library_unclassified
Z_DAT	0x3EEC7	0x3EF33	108	sub_3EEC7	48	15	0x21496,0x21AC0,0x2711A,0x2B483,0x2D678,0x300FF,0x312A6,0x3C2AC,0x3EE90	0x3EEC7	game_or_library_unclassified
Z_DAT	0x3EF4A	0x3EF7D	51	sub_3EF4A	18	1	0x21496,0x21AC0,0x22090,0x22A59,0x25D0E,0x25F87,0x269AB,0x26B5E,0x2711A,0x27A26,0x2841A,0x287CA,0x28975,0x2A186,0x2A86C,0x2B483,0x2C0BB,0x2D678,0x2DD77,0x2DE7D,0x2DF0E,0x2E155,0x2E659,0x2EB49,0x2F3F0,0x2F526,0x2FAB7,0x2FBC0,0x2FC9D,0x2FDA6,0x2FFB3,0x30035,0x312A6,0x31EB9,0x32E59,0x37734,0x38DAC,0x3AA85,0x3B238,0x3B387,0x3B6BE,0x3BA85,0x3C2AC,0x3C6D3,0x3CF45,0x3D6E0,0x3DA66,0x4BEBC	0x45BC5	game_or_library_unclassified
Z_DAT	0x3EF7D	0x3EF96	25	sub_3EF7D	15	1	0x22090,0x2A186,0x2C0BB,0x2D678,0x2DF0E,0x2F3F0,0x2F526,0x2FAB7,0x2FBC0,0x2FC9D,0x2FDA6,0x37734,0x3BA85,0x449A3,0x44A44		game_or_library_unclassified
Z_DAT	0x3EF96	0x3EFB9	35	sub_3EF96	12	1	0x247DD,0x24F8C,0x26208,0x265AB,0x29391,0x294AD,0x29537,0x295D0,0x2C319,0x2CC21,0x2D590,0x2D841,0x2DBF4,0x2E337,0x2F721,0x30A5A,0x30C3D,0x31241,0x31DA0,0x3CDFF,0x3CF45,0x3D6E0,0x3DD66	0x467BC	game_or_library_unclassified
Z_DAT	0x3EFB9	0x3EFDB	34	sub_3EFB9	14	1	0x26208,0x265AB,0x29391,0x294AD,0x295D0,0x2D841,0x2DBF4,0x2E337,0x2F721,0x30A5A,0x3CDFF,0x3CF45,0x3D6E0,0x3DA40,0x3DA66,0x3EB1E,0x3EB81	0x3EFDB	game_or_library_unclassified
Z_DAT	0x3EFDB	0x3F1C8	493	sub_3EFDB	174	45	0x3EFB9,0x47691	0x3EFDB,0x4684D,0x46891,0x468DB,0x46956,0x469AC	game_or_library_unclassified
Z_DAT	0x3F234	0x3F509	725	start	198	32		0x3F234,0x469C2,0x46A1C,0x46A67	game_or_library_unclassified
Z_DAT	0x3F50B	0x3F516	11	sub_3F50B	5	3	0x2B483,0x2BD8B,0x34550,0x34AEC,0x3540E,0x3598C,0x36210,0x3650E,0x37355,0x37734,0x397E5,0x39B8E,0x39EF7,0x3A30B	0x3F50B	game_or_library_unclassified
Z_DAT	0x3F516	0x3F544	46	sub_3F516	19	1	0x3CDFF,0x3E40C,0x3E497,0x3E4C6	0x46AB6,0x46AE0	game_or_library_unclassified
Z_DAT	0x3F544	0x3F64D	265	sub_3F544	107	25	0x3CDFF,0x3CF45,0x3D27A,0x3D6E0,0x3DABF,0x3EB81	0x3F544,0x3F728,0x46891,0x468DB,0x46956	game_or_library_unclassified
Z_DAT	0x3F64D	0x3F65B	14	sub_3F64D	5	1	0x3CDFF,0x3CF45,0x3D6E0,0x3DB2B,0x3EB1E,0x3EB81	0x46B03	game_or_library_unclassified
Z_DAT	0x3F65B	0x3F690	53	sub_3F65B	22	5	0x3CDFF	0x3F65B	game_or_library_unclassified
Z_DAT	0x3F690	0x3F6CA	58	sub_3F690	28	4	0x3CDFF,0x3CF19	0x3F690	game_or_library_unclassified
Z_DAT	0x3F6CA	0x3F70E	68	sub_3F6CA	30	3	0x3CF45,0x3EB1E	0x3F6CA,0x3F728	game_or_library_unclassified
Z_DAT	0x3F728	0x3F775	77	sub_3F728	30	4	0x3CF45,0x3D27A,0x3D6E0,0x3DB07,0x3F544,0x3F6CA,0x47BE9,0x4E02C,0x4E663,0x51A4B	0x3F728,0x468DB	game_or_library_unclassified
Z_DAT	0x3F775	0x3F949	468	sub_3F775	176	35	0x3DAE3	0x3ED4F,0x3F775,0x46891,0x468DB,0x46956,0x46B38	game_or_library_unclassified
Z_DAT	0x3F94A	0x3F969	31	sub_3F94A	16	1	0x3DB47		game_or_library_unclassified
Z_DAT	0x3F969	0x3F987	30	sub_3F969	16	1	0x3D5DE		game_or_library_unclassified
Z_DAT	0x3F987	0x3F98D	6	sub_3F987	2	1	0x3F98D,0x3F9B0		game_or_library_unclassified
Z_DAT	0x3F98D	0x3F9B0	35	sub_3F98D	11	3	0x3D612	0x3F987,0x3F98D	game_or_library_unclassified
Z_DAT	0x3F9B0	0x3F9C0	16	sub_3F9B0	6	3	0x3D5DE	0x3F987,0x3F9B0	game_or_library_unclassified
Z_DAT	0x3F9C0	0x3FA62	162	sub_3F9C0	40	3	0x3FB7E	0x3E4C6,0x3E55D,0x3F9C0	game_or_library_unclassified
Z_DAT	0x3FAD8	0x3FB7E	166	sub_3FAD8	44	9	0x3DD57,0x3FB7E,0x3FDB9,0x3FEAD,0x3FF9B,0x40083,0x400FA,0x401EE,0x40258,0x40597,0x40679,0x4075D,0x407CA,0x40975,0x40AF9,0x40B5E,0x40BBB,0x40C97,0x40D7B,0x40DE0,0x40EBC,0x41005,0x41232,0x41383,0x413F8,0x4146D,0x4159C,0x41601,0x4166E,0x417B5,0x4278C,0x42868,0x429B1,0x42AF2,0x42BDE,0x42C43,0x42D0D,0x42DE7,0x42E5C,0x42EC9,0x43239,0x43C34,0x443BF,0x4449B,0x44508	0x3FAD8,0x46B44,0x46B51,0x4753B	game_or_library_unclassified
Z_DAT	0x3FB7E	0x3FD28	426	sub_3FB7E	95	8	0x3DD66	0x3F9C0,0x3FAD8,0x3FB7E,0x45060,0x4684D,0x47306,0x473C0,0x47498,0x4753B,0x47560,0x477D1,0x478A0,0x478CD,0x4795A,0x47A99,0x47AEC	game_or_library_unclassified
Z_DAT	0x3FDB9	0x3FEA3	234	sub_3FDB9	61	22	0x3DD66,0x45060	0x3FAD8,0x3FDB9,0x3FEAD,0x44D1D,0x472FA,0x4753B	game_or_library_unclassified
Z_DAT	0x3FEA3	0x3FEA8	5	sub_3FEA3	1	2	0x46CE7,0x471E3,0x47306,0x4734D,0x47375,0x4739C,0x473C0,0x4741A,0x47468,0x47498,0x474CE,0x48F44,0x4BE2C	0x46B44	game_or_library_unclassified
Z_DAT	0x3FEA8	0x3FEAD	5	sub_3FEA8	1	2	0x46CE7,0x471E3,0x47306,0x4734D,0x47375,0x4739C,0x473C0,0x4743A,0x47468,0x47498,0x47500,0x48F44,0x4BE2C	0x46B51	game_or_library_unclassified
Z_DAT	0x3FEAD	0x3FF9B	238	sub_3FEAD	66	22	0x44D38	0x3FAD8,0x3FEAD,0x46E75,0x472FA,0x4753B	game_or_library_unclassified
Z_DAT	0x3FF9B	0x4000B	112	sub_3FF9B	29	12	0x44D38,0x44F4B	0x3DD57,0x3FAD8,0x3FF9B,0x46EA1,0x472FA,0x4753B	game_or_library_unclassified
Z_DAT	0x40083	0x400E8	101	sub_40083	26	11	0x44F4B,0x48814	0x3DD57,0x3FAD8,0x40083,0x47133,0x472FA,0x4753B	game_or_library_unclassified
Z_DAT	0x400FA	0x401EE	244	sub_400FA	63	22	0x44D38,0x44F4B,0x44FE7,0x48278,0x48684,0x48814,0x491C4,0x49D94,0x4A8C0,0x4A97C,0x4B458,0x4B584,0x4BEBC	0x3FAD8,0x3FDB9,0x3FEAD,0x400FA,0x471E3,0x472FA,0x4753B	game_or_library_unclassified
Z_DAT	0x401EE	0x40253	101	sub_401EE	26	11	0x4A8C0,0x4B584	0x3DD57,0x3FAD8,0x401EE,0x472BD,0x472FA,0x4753B	game_or_library_unclassified
Z_DAT	0x40253	0x40258	5	sub_40253	1	2	0x4A8C0,0x4BEBC	0x472FA	game_or_library_unclassified
Z_DAT	0x40258	0x40597	831	sub_40258	223	64	0x48E94,0x4BC7C	0x3FAD8,0x40258,0x44A44,0x472FA,0x4753B	game_or_library_unclassified
Z_DAT	0x40597	0x40679	226	sub_40597	59	22	0x44D38,0x48814,0x4B584	0x3FAD8,0x3FEAD,0x40597,0x472FA,0x47306,0x4753B	game_or_library_unclassified
Z_DAT	0x40679	0x4075D	228	sub_40679	59	22	0x44D38,0x48814,0x4B584	0x3FAD8,0x3FEAD,0x40597,0x40679,0x472FA,0x4734D,0x4753B	game_or_library_unclassified
Z_DAT	0x4075D	0x407CA	109	sub_4075D	28	11	0x46D4C,0x47498,0x474F8	0x3FAD8,0x3FF9B,0x4075D,0x472FA,0x47468,0x4753B	game_or_library_unclassified
Z_DAT	0x407CA	0x40837	109	sub_407CA	28	11	0x44D38,0x48814,0x4B584	0x3FAD8,0x3FF9B,0x407CA,0x472FA,0x47498,0x4753B	game_or_library_unclassified
Z_DAT	0x40975	0x409DA	101	sub_40975	26	11	0x44D38,0x48814,0x4B584	0x3DD57,0x3FAD8,0x40975,0x472FA,0x473C0,0x4753B	game_or_library_unclassified
Z_DAT	0x40AF9	0x40B5E	101	sub_40AF9	26	11	0x44F4B,0x4739C	0x3DD57,0x3FAD8,0x40AF9,0x472FA,0x47375,0x4753B	game_or_library_unclassified
Z_DAT	0x40B5E	0x40BBB	93	sub_40B5E	24	11	0x45173	0x3DD57,0x3FAD8,0x40B5E,0x472FA,0x4739C,0x4753B	game_or_library_unclassified
Z_DAT	0x40BBB	0x40C97	220	sub_40BBB	57	22	0x48814,0x4B584	0x3FAD8,0x3FEAD,0x40BBB,0x44FE7,0x472FA,0x4753B	game_or_library_unclassified
Z_DAT	0x40C97	0x40D7B	228	sub_40C97	59	22	0x48DD4,0x4BBBC	0x3FAD8,0x3FEAD,0x40C97,0x44D38,0x472FA,0x4753B	game_or_library_unclassified
Z_DAT	0x40D7B	0x40DE0	101	sub_40D7B	26	11	0x45173,0x48DD4,0x4BBBC	0x3DD57,0x3FAD8,0x40D7B,0x44F4B,0x472FA,0x4753B	game_or_library_unclassified
Z_DAT	0x40DE0	0x40EBC	220	sub_40DE0	57	22	0x3DD66	0x3FAD8,0x3FDB9,0x3FEAD,0x40DE0,0x472FA,0x4753B,0x48E94	game_or_library_unclassified
Z_DAT	0x40EBC	0x40FA0	228	sub_40EBC	59	22	0x48E94	0x3FAD8,0x3FEAD,0x40EBC,0x472FA,0x4753B,0x48DD4	game_or_library_unclassified
Z_DAT	0x41005	0x410E1	220	sub_41005	57	22	0x3DD66	0x3FAD8,0x3FEAD,0x41005,0x472FA,0x4753B,0x48F44	game_or_library_unclassified
Z_DAT	0x41232	0x41297	101	sub_41232	26	11	0x3DF90,0x48F44	0x3DD57,0x3FAD8,0x41232,0x472FA,0x4753B,0x48FC0	game_or_library_unclassified
Z_DAT	0x41383	0x413F8	117	sub_41383	30	12	0x3DF90	0x3FAD8,0x41383,0x472FA,0x4753B,0x49094	game_or_library_unclassified
Z_DAT	0x413F8	0x4146D	117	sub_413F8	30	12	0x3DF90	0x3FAD8,0x41383,0x413F8,0x472FA,0x4753B,0x490BC	game_or_library_unclassified
Z_DAT	0x4146D	0x414D2	101	sub_4146D	26	11	0x3DF90	0x3DD57,0x3FAD8,0x4146D,0x472FA,0x4753B,0x491C4	game_or_library_unclassified
Z_DAT	0x4159C	0x41601	101	sub_4159C	26	11	0x3E172	0x3DD57,0x3FAD8,0x4159C,0x472FA,0x4753B,0x492A8	game_or_library_unclassified
Z_DAT	0x41601	0x4166E	109	sub_41601	28	11	0x3DF90	0x3FAD8,0x3FF9B,0x41601,0x472FA,0x4753B,0x49100	game_or_library_unclassified
Z_DAT	0x4166E	0x416DB	109	sub_4166E	28	11	0x3DF90	0x3FAD8,0x3FF9B,0x4166E,0x472FA,0x4753B,0x49120	game_or_library_unclassified
Z_DAT	0x41748	0x417B5	109	sub_41748					game_or_library_unclassified_report_recovered
Z_DAT	0x417B5	0x41891	220	sub_417B5	57	22	0x3DF90	0x3FAD8,0x3FEAD,0x40597,0x417B5,0x472FA,0x4753B,0x49084	game_or_library_unclassified
Z_DAT	0x4278C	0x42868	220	sub_4278C	57	22	0x3DD66	0x3FAD8,0x3FDB9,0x3FEAD,0x4278C,0x472FA,0x4753B,0x4BC7C	game_or_library_unclassified
Z_DAT	0x42868	0x4294C	228	sub_42868	59	22	0x4BC7C	0x3FAD8,0x3FEAD,0x42868,0x472FA,0x4753B,0x4BBBC	game_or_library_unclassified
Z_DAT	0x429B1	0x42A8D	220	sub_429B1	57	22	0x3DD66	0x3FAD8,0x3FEAD,0x429B1,0x472FA,0x4753B,0x4BE2C	game_or_library_unclassified
Z_DAT	0x42AF2	0x42BDE	236	sub_42AF2	61	22	0x3DECB	0x3FAD8,0x3FDB9,0x3FEAD,0x42AF2,0x472FA,0x4753B,0x4BEBC	game_or_library_unclassified
Z_DAT	0x42BDE	0x42C43	101	sub_42BDE	26	11	0x3DECB	0x3DD57,0x3FAD8,0x42BDE,0x472FA,0x4753B,0x4C230	game_or_library_unclassified
Z_DAT	0x42C43	0x42CA8	101	sub_42C43	26	11	0x4C230,0x4C368	0x3DD57,0x3FAD8,0x42C43,0x472FA,0x4753B,0x4C264	game_or_library_unclassified
Z_DAT	0x42D0D	0x42D72	101	sub_42D0D	26	11	0x3DF59	0x3DD57,0x3FAD8,0x42D0D,0x472FA,0x4753B,0x4C368	game_or_library_unclassified
Z_DAT	0x42DE7	0x42E5C	117	sub_42DE7	30	12	0x3E25B	0x3FAD8,0x41383,0x42DE7,0x472FA,0x4753B,0x4C400	game_or_library_unclassified
Z_DAT	0x42E5C	0x42EC9	109	sub_42E5C	28	11	0x3DECB	0x3FAD8,0x3FF9B,0x42E5C,0x472FA,0x4753B,0x4C38C	game_or_library_unclassified
Z_DAT	0x42EC9	0x42FA5	220	sub_42EC9	57	22	0x3DECB	0x3FAD8,0x3FEAD,0x40597,0x42EC9,0x472FA,0x4753B,0x4C46C	game_or_library_unclassified
Z_DAT	0x43239	0x432A6	109	sub_43239	28	11	0x3DECB	0x3FAD8,0x3FF9B,0x43239,0x472FA,0x4753B,0x4C4B0	game_or_library_unclassified
Z_DAT	0x43C34	0x43CA1	109	sub_43C34	28	11	0x4A478	0x3FAD8,0x3FF9B,0x43C34,0x472FA,0x4753B,0x4C790	game_or_library_unclassified
Z_DAT	0x443BF	0x4449B	220	sub_443BF	57	22	0x4A478	0x3FAD8,0x3FDB9,0x3FEAD,0x443BF,0x472FA,0x4753B,0x4C8F4	game_or_library_unclassified
Z_DAT	0x4449B	0x44508	109	sub_4449B	28	11	0x4A478,0x4C264	0x3FAD8,0x3FF9B,0x4449B,0x472FA,0x4753B,0x4CA64	game_or_library_unclassified
Z_DAT	0x44508	0x4457D	117	sub_44508	30	12	0x4A478	0x3FAD8,0x41383,0x44508,0x472FA,0x4753B,0x4CB74	game_or_library_unclassified
Z_DAT	0x448D5	0x44958	131	sub_448D5	32	3	0x45060	0x3E4C6,0x3E55D,0x448D5	game_or_library_unclassified
Z_DAT	0x449A3	0x44A44	161	sub_449A3	58	15	0x44A44	0x3EF7D,0x449A3,0x4D987	game_or_library_unclassified
Z_DAT	0x44A44	0x44D1D	729	sub_44A44	217	40	0x40258	0x3EF7D,0x449A3,0x44A44,0x453A0,0x477D1,0x47AEC,0x47B11,0x4D9B3,0x4DA0E	game_or_library_unclassified
Z_DAT	0x44D1D	0x44D38	27	sub_44D1D	8	1	0x3FDB9		game_or_library_unclassified
Z_DAT	0x44D38	0x44F4B	531	sub_44D38	166	25	0x40C97	0x3E3C2,0x3E3E7,0x3E40C,0x3E497,0x3FEAD,0x3FF9B,0x400FA,0x40597,0x40679,0x407CA,0x40975,0x44D38,0x47AEC,0x4D9B3,0x4DA8A	game_or_library_unclassified
Z_DAT	0x44F4B	0x44FE7	156	sub_44F4B	51	14	0x40D7B	0x3E3E7,0x3E497,0x3FF9B,0x40083,0x400FA,0x40AF9,0x44F4B	game_or_library_unclassified
Z_DAT	0x44FE7	0x45060	121	sub_44FE7	47	6	0x40BBB	0x400FA,0x44FE7,0x47560,0x4DADC	game_or_library_unclassified
Z_DAT	0x45060	0x45173	275	sub_45060	85	5	0x3FB7E	0x3FDB9,0x448D5,0x45060,0x46D4C	game_or_library_unclassified
Z_DAT	0x45173	0x451A0	45	sub_45173	16	6	0x3DD57	0x40B5E,0x40D7B,0x45173,0x46E3A	game_or_library_unclassified
Z_DAT	0x45224	0x45229	5	sub_45224	1	2	0x3E25B	0x4DB3B	game_or_library_unclassified
Z_DAT	0x45229	0x45237	14	sub_45229	5	1	0x3E3E7,0x3EB81,0x47BE9,0x48DD4,0x4BBBC	0x45237	game_or_library_unclassified
Z_DAT	0x45237	0x452BA	131	sub_45237	46	14	0x45229,0x45911,0x459E3	0x45237,0x454A6	game_or_library_unclassified
Z_DAT	0x453A0	0x453C2	34	sub_453A0	11	1	0x44A44,0x48814,0x4AC6C,0x4B584,0x4E524	0x3EE90	game_or_library_unclassified
Z_DAT	0x453C2	0x453CF	13	sub_453C2	3	2	0x453CF	0x3F234	game_or_library_unclassified
Z_DAT	0x453CF	0x453FD	46	sub_453CF	17	3	0x3ED4F,0x4DE0A	0x453C2,0x453CF,0x4DB75	game_or_library_unclassified
Z_DAT	0x453FE	0x454A1	163	sub_453FE	73	14	0x3ED69	0x453FE	game_or_library_unclassified
Z_DAT	0x454A6	0x455B1	267	sub_454A6	119	37	0x45237	0x454A6	game_or_library_unclassified
Z_DAT	0x455B1	0x455F2	65	sub_455B1	22	9	0x455F2	0x455B1	game_or_library_unclassified
Z_DAT	0x455F2	0x4564E	92	sub_455F2	43	8	0x45841	0x455B1,0x455F2	game_or_library_unclassified
Z_DAT	0x45780	0x457F4	116	sub_45780	37	10	0x45911,0x459E3	0x45780	game_or_library_unclassified
Z_DAT	0x457F4	0x45841	77	sub_457F4	29	8	0x45B46	0x457F4	game_or_library_unclassified
Z_DAT	0x45841	0x45911	208	sub_45841	83	11	0x45911	0x455F2,0x45841	game_or_library_unclassified
Z_DAT	0x45911	0x459E3	210	sub_45911	77	13	0x459E3	0x45237,0x45780,0x45841,0x45911,0x45B46	game_or_library_unclassified
Z_DAT	0x459E3	0x45B46	355	sub_459E3	124	32	0x3ED69	0x45237,0x45780,0x45911,0x459E3,0x45B46,0x4DC7A	game_or_library_unclassified
Z_DAT	0x45B46	0x45BC2	124	sub_45B46	48	12	0x45911,0x459E3	0x457F4,0x45B46	game_or_library_unclassified
Z_DAT	0x45BC2	0x45BC5	3	sub_45BC2	2	1	0x3ED69		game_or_library_unclassified
Z_DAT	0x45BC5	0x45ECD	776	sub_45BC5	278	54	0x3EF4A,0x467BC	0x45BC5,0x45ECD,0x4624B	game_or_library_unclassified
Z_DAT	0x45ECD	0x46018	331	sub_45ECD	141	37	0x45BC5	0x45ECD,0x46018	game_or_library_unclassified
Z_DAT	0x46018	0x4607D	101	sub_46018	38	14	0x45ECD	0x46018	game_or_library_unclassified
Z_DAT	0x4607D	0x460A3	38	sub_4607D	20	5	0x4624B	0x4607D	game_or_library_unclassified
Z_DAT	0x460A3	0x460D4	49	sub_460A3	18	5	0x4624B	0x45BC5,0x460A3	game_or_library_unclassified
Z_DAT	0x460D4	0x46133	95	sub_460D4	49	7	0x4624B	0x460D4,0x4DDD5	game_or_library_unclassified
Z_DAT	0x46133	0x46230	253	sub_46133	103	28	0x4624B	0x46133,0x4DDD5	game_or_library_unclassified
Z_DAT	0x46230	0x4624B	27	sub_46230	11	2	0x4624B	0x4DE0A	game_or_library_unclassified
Z_DAT	0x4624B	0x4677C	1329	sub_4624B	454	127	0x45BC5	0x45BC5,0x4607D,0x460A3,0x460D4,0x46133,0x46230,0x4624B,0x4677C,0x4DDD5,0x4DE3F,0x4DE8F	game_or_library_unclassified
Z_DAT	0x4677C	0x4679C	32	sub_4677C	12	4	0x4624B	0x46230,0x4677C,0x4D987	game_or_library_unclassified
Z_DAT	0x467BC	0x4684D	145	sub_467BC	57	9	0x3EF96,0x4753B	0x45BC5,0x467BC,0x4DFAC,0x4E02C	game_or_library_unclassified
Z_DAT	0x4684D	0x46872	37	sub_4684D	16	1	0x3EFDB,0x3FB7E,0x46956,0x4E7B6		game_or_library_unclassified
Z_DAT	0x46891	0x4689D	12	sub_46891	4	2	0x3EFDB,0x3F544,0x3F775,0x468DB,0x46B03,0x475C2,0x4E02C,0x4E524,0x4E663,0x5168C,0x518F0	0x4E10E	game_or_library_unclassified
Z_DAT	0x4689D	0x468A4	7	sub_4689D	2	2	0x468DB	0x46891,0x4E114	game_or_library_unclassified
Z_DAT	0x468DB	0x46956	123	sub_468DB	46	13	0x3EFDB,0x3F544,0x3F728,0x3F775,0x518F0,0x51A5D,0x51ADE	0x46891,0x4689D,0x468DB	game_or_library_unclassified
Z_DAT	0x46956	0x469AC	86	sub_46956	33	7	0x3EFDB,0x3F544,0x3F775,0x518F0	0x4684D,0x46956	game_or_library_unclassified
Z_DAT	0x469AC	0x469C2	22	sub_469AC	8	1	0x3EFDB,0x46B03		game_or_library_unclassified
Z_DAT	0x469C2	0x46A0A	72	sub_469C2	23	4	0x3F234	0x20D35,0x469C2,0x46B38,0x4E11A	game_or_library_unclassified
Z_DAT	0x46A1C	0x46A67	75	sub_46A1C	38	12	0x3F234	0x46A1C	game_or_library_unclassified
Z_DAT	0x46A67	0x46AB6	79	sub_46A67	39	13	0x3F234	0x46A67	game_or_library_unclassified
Z_DAT	0x46AB6	0x46AE0	42	sub_46AB6	16	1	0x3F516		game_or_library_unclassified
Z_DAT	0x46AE0	0x46B03	35	sub_46AE0	16	1	0x3F516	0x4E126	game_or_library_unclassified
Z_DAT	0x46B03	0x46B38	53	sub_46B03	22	3	0x3F64D,0x47BE9	0x46891,0x469AC,0x46B03	game_or_library_unclassified
Z_DAT	0x46B38	0x46B41	9	sub_46B38	3	1	0x3F775,0x469C2		game_or_library_unclassified
Z_DAT	0x46B44	0x46B51	13	sub_46B44	8	1	0x3FAD8,0x3FEA3		game_or_library_unclassified
Z_DAT	0x46B51	0x46B5E	13	sub_46B51	8	1	0x3FAD8,0x3FEA8		game_or_library_unclassified
Z_DAT	0x46C84	0x46CB4	48	sub_46C84	29	5	0x46CB4,0x46E3A	0x46C84	game_or_library_unclassified
Z_DAT	0x46CB4	0x46CE7	51	sub_46CB4	21	3	0x46CE7	0x46C84,0x46CB4	game_or_library_unclassified
Z_DAT	0x46CE7	0x46D4C	101	sub_46CE7	35	8	0x47468	0x3FEA3,0x3FEA8,0x46CB4,0x46CE7	game_or_library_unclassified
Z_DAT	0x46D4C	0x46E3A	238	sub_46D4C	73	3	0x45060	0x4075D,0x46D4C,0x47516	game_or_library_unclassified
Z_DAT	0x46E3A	0x46E75	59	sub_46E3A	28	3	0x45173	0x46C84,0x46E3A	game_or_library_unclassified
Z_DAT	0x46E75	0x46EA1	44	sub_46E75	26	1	0x3FEAD		game_or_library_unclassified
Z_DAT	0x46EA1	0x46EC8	39	sub_46EA1	19	1	0x3FF9B		game_or_library_unclassified
Z_DAT	0x47133	0x47178	69	sub_47133	26	6	0x40083	0x47133	game_or_library_unclassified
Z_DAT	0x471E3	0x472BD	218	sub_471E3	74	5	0x400FA	0x3FEA3,0x3FEA8,0x471E3	game_or_library_unclassified
Z_DAT	0x472BD	0x472FA	61	sub_472BD	28	5	0x401EE	0x472BD	game_or_library_unclassified
Z_DAT	0x472FA	0x47306	12	sub_472FA	8	1	0x3DD57,0x3FDB9,0x3FEAD,0x3FF9B,0x40083,0x400FA,0x401EE,0x40253,0x40258,0x40597,0x40679,0x4075D,0x407CA,0x40975,0x40AF9,0x40B5E,0x40BBB,0x40C97,0x40D7B,0x40DE0,0x40EBC,0x41005,0x41232,0x41383,0x413F8,0x4146D,0x4159C,0x41601,0x4166E,0x417B5,0x4278C,0x42868,0x429B1,0x42AF2,0x42BDE,0x42C43,0x42D0D,0x42DE7,0x42E5C,0x42EC9,0x43239,0x43C34,0x443BF,0x4449B,0x44508		game_or_library_unclassified
Z_DAT	0x47306	0x4734D	71	sub_47306	25	6	0x3FB7E,0x40597	0x3FEA3,0x3FEA8,0x47306	game_or_library_unclassified
Z_DAT	0x4734D	0x47375	40	sub_4734D	19	3	0x40679	0x3FEA3,0x3FEA8,0x4734D	game_or_library_unclassified
Z_DAT	0x47375	0x4739C	39	sub_47375	16	3	0x40AF9	0x3FEA3,0x3FEA8,0x47375	game_or_library_unclassified
Z_DAT	0x4739C	0x473C0	36	sub_4739C	15	3	0x40B5E	0x3FEA3,0x3FEA8,0x40AF9,0x4739C	game_or_library_unclassified
Z_DAT	0x473C0	0x473F0	48	sub_473C0	18	4	0x3FB7E,0x40975	0x3FEA3,0x3FEA8,0x473C0	game_or_library_unclassified
Z_DAT	0x47468	0x47498	48	sub_47468	17	1	0x4075D	0x3FEA3,0x3FEA8,0x46CE7	game_or_library_unclassified
Z_DAT	0x47498	0x474C8	48	sub_47498	20	1	0x3FB7E,0x407CA	0x3FEA3,0x3FEA8,0x4075D	game_or_library_unclassified
Z_DAT	0x47516	0x4753B	37	sub_47516	9	1	0x46D4C	0x3E4C6	game_or_library_unclassified
Z_DAT	0x4753B	0x47560	37	sub_4753B	15	1	0x3DD57,0x3FAD8,0x3FB7E,0x3FDB9,0x3FEAD,0x3FF9B,0x40083,0x400FA,0x401EE,0x40258,0x40597,0x40679,0x4075D,0x407CA,0x40975,0x40AF9,0x40B5E,0x40BBB,0x40C97,0x40D7B,0x40DE0,0x40EBC,0x41005,0x41232,0x41383,0x413F8,0x4146D,0x4159C,0x41601,0x4166E,0x417B5,0x4278C,0x42868,0x429B1,0x42AF2,0x42BDE,0x42C43,0x42D0D,0x42DE7,0x42E5C,0x42EC9,0x43239,0x43C34,0x443BF,0x4449B,0x44508	0x467BC	game_or_library_unclassified
Z_DAT	0x47560	0x475C2	98	sub_47560	51	9	0x3FB7E,0x44FE7,0x4B584,0x4EAEE	0x47560,0x4D9B3	game_or_library_unclassified
Z_DAT	0x475C2	0x47691	207	sub_475C2	77	24	0x47788	0x46891,0x475C2,0x4E512	game_or_library_unclassified
Z_DAT	0x47691	0x47788	247	sub_47691	90	19	0x47788	0x3EFDB,0x47691,0x4E512,0x4E5C7,0x4E663,0x4E7B6	game_or_library_unclassified
Z_DAT	0x47788	0x477D1	73	sub_47788	32	5	0x477D1	0x475C2,0x47691,0x47788,0x4E524	game_or_library_unclassified
Z_DAT	0x477D1	0x477E8	23	sub_477D1	10	1	0x3FB7E,0x44A44	0x47788	game_or_library_unclassified
Z_DAT	0x478A0	0x478CD	45	sub_478A0	16	3	0x3FB7E	0x478A0,0x4E7E9	game_or_library_unclassified
Z_DAT	0x478CD	0x47904	55	sub_478CD	22	5	0x3FB7E	0x478CD,0x4E86B,0x4E92C	game_or_library_unclassified
Z_DAT	0x47904	0x4795A	86	sub_47904	31	3	0x4795A	0x47904,0x4EAEE,0x4EE89,0x4F171	game_or_library_unclassified
Z_DAT	0x4795A	0x4796D	19	sub_4795A	6	1	0x3FB7E	0x47904	game_or_library_unclassified
Z_DAT	0x4796D	0x479A7	58	sub_4796D	23	1	0x479A7		game_or_library_unclassified
Z_DAT	0x479A7	0x47A99	242	sub_479A7	85	3	0x47A99	0x4796D,0x479A7	game_or_library_unclassified
Z_DAT	0x47A99	0x47AAC	19	sub_47A99	6	1	0x3FB7E	0x479A7	game_or_library_unclassified
Z_DAT	0x47AEC	0x47B11	37	sub_47AEC	15	4	0x3FB7E,0x44A44,0x44D38	0x47AEC	game_or_library_unclassified
Z_DAT	0x47B11	0x47B3E	45	sub_47B11	19	6	0x3DD57,0x44A44	0x47B11,0x47B3E	game_or_library_unclassified
Z_DAT	0x47B3E	0x47B64	38	sub_47B3E	15	1	0x47B11	0x47BE9,0x4E5C7	game_or_library_unclassified
Z_DAT	0x47B64	0x47B74	16	sub_47B64	6	3	0x47B74	0x47B64	game_or_library_unclassified
Z_DAT	0x47B74	0x47BE9	117	sub_47B74	44	3	0x47BE9	0x47B64,0x47B74,0x4F47F	game_or_library_unclassified
Z_DAT	0x47BE9	0x47C90	167	sub_47BE9	61	13	0x47B3E	0x3F728,0x45229,0x46B03,0x47B74,0x47BE9,0x4E02C,0x4F485,0x4F4B9	game_or_library_unclassified
Z_DAT	0x47C90	0x47D49	185	sub_47C90	45	3	0x48814	0x3E4C6,0x3E55D,0x47C90,0x515C8	game_or_library_unclassified
Z_DAT	0x47DB8	0x48093	731	sub_47DB8	215	41	0x48FC0,0x490BC,0x49120	0x47DB8	game_or_library_unclassified
Z_DAT	0x48278	0x48683	1035	sub_48278	295	63	0x48814	0x400FA,0x48278,0x51509,0x5159C	game_or_library_unclassified
Z_DAT	0x48684	0x48774	240	sub_48684	76	17	0x48814	0x400FA,0x48684	game_or_library_unclassified
Z_DAT	0x48814	0x48DD4	1472	sub_48814	458	50	0x48DD4	0x3E3C2,0x3E3E7,0x3E40C,0x3E497,0x40083,0x400FA,0x40597,0x40679,0x407CA,0x40975,0x40BBB,0x453A0,0x47C90,0x48278,0x48684,0x48814,0x51509,0x5159C	game_or_library_unclassified
Z_DAT	0x48DD4	0x48E51	125	sub_48DD4	53	7	0x40EBC	0x3EB1E,0x3EB81,0x40C97,0x40D7B,0x45229,0x48814,0x48DD4	game_or_library_unclassified
Z_DAT	0x48E94	0x48F09	117	sub_48E94	37	6	0x40DE0	0x40258,0x40EBC,0x48E94	game_or_library_unclassified
Z_DAT	0x48F44	0x48FAF	107	sub_48F44	41	7	0x41005	0x3FEA3,0x3FEA8,0x41232,0x48F44	game_or_library_unclassified
Z_DAT	0x48FC0	0x49084	196	sub_48FC0	35	7	0x41232	0x47DB8,0x48FC0	game_or_library_unclassified
Z_DAT	0x49084	0x49091	13	sub_49084	6	3	0x417B5	0x49084	game_or_library_unclassified
Z_DAT	0x49094	0x490B9	37	sub_49094	10	3	0x41383	0x49094	game_or_library_unclassified
Z_DAT	0x490BC	0x490EE	50	sub_490BC	17	5	0x413F8	0x47DB8,0x490BC	game_or_library_unclassified
Z_DAT	0x49100	0x49110	16	sub_49100	6	3	0x41601	0x49100	game_or_library_unclassified
Z_DAT	0x49120	0x4913E	30	sub_49120	11	4	0x4166E	0x47DB8,0x49120	game_or_library_unclassified
Z_DAT	0x491C4	0x49238	116	sub_491C4	34	7	0x4146D	0x400FA,0x491C4	game_or_library_unclassified
Z_DAT	0x492A8	0x492EC	68	sub_492A8	21	8	0x4159C	0x492A8	game_or_library_unclassified
Z_DAT	0x49BF0	0x49CEF	255	sub_49BF0	64	3	0x4B584	0x3E4C6,0x3E55D,0x49BF0	game_or_library_unclassified
Z_DAT	0x49D94	0x49EAD	281	sub_49D94	73	22	0x4A478,0x4B584,0x4C264,0x4C8F4,0x4CA64	0x400FA,0x49D94	game_or_library_unclassified
Z_DAT	0x49FD4	0x4A0F1	285	sub_49FD4	108	14	0x4BEBC	0x49FD4,0x515F7	game_or_library_unclassified
Z_DAT	0x4A2A8	0x4A476	462	sub_4A2A8	195	52	0x4A478	0x4A2A8	game_or_library_unclassified
Z_DAT	0x4A478	0x4A8C0	1096	sub_4A478	351	76	0x4A478,0x4A8C0,0x4A97C,0x4AA10,0x4AD34,0x4C8F4,0x4CA64	0x43C34,0x443BF,0x4449B,0x44508,0x49D94,0x4A2A8,0x4A478,0x4A97C	game_or_library_unclassified
Z_DAT	0x4A8C0	0x4A979	185	sub_4A8C0	55	10	0x4C264	0x400FA,0x401EE,0x40253,0x4A478,0x4A8C0	game_or_library_unclassified
Z_DAT	0x4A97C	0x4AA10	148	sub_4A97C	46	7	0x4A478	0x400FA,0x4A478,0x4A97C	game_or_library_unclassified
Z_DAT	0x4AA10	0x4AC6C	604	sub_4AA10	188	29	0x4CA64	0x4A478,0x4AA10	game_or_library_unclassified
Z_DAT	0x4AC6C	0x4AD18	172	sub_4AC6C	41	7	0x4BE2C,0x4BEBC,0x4C230	0x453A0,0x4AC6C	game_or_library_unclassified
Z_DAT	0x4AD34	0x4AD71	61	sub_4AD34	27	5	0x4C400,0x4C4B0	0x4A478,0x4AD34	game_or_library_unclassified
Z_DAT	0x4B458	0x4B527	207	sub_4B458	66	14	0x4B584	0x400FA,0x4B458	game_or_library_unclassified
Z_DAT	0x4B584	0x4BBBC	1592	sub_4B584	518	56	0x4BBBC	0x3E3C2,0x3E3E7,0x400FA,0x401EE,0x40597,0x40679,0x407CA,0x40975,0x40BBB,0x453A0,0x47560,0x49BF0,0x49D94,0x4B458,0x4B584,0x4DADC	game_or_library_unclassified
Z_DAT	0x4BBBC	0x4BC39	125	sub_4BBBC	53	7	0x42868	0x3EB1E,0x3EB81,0x40C97,0x40D7B,0x45229,0x4B584,0x4BBBC	game_or_library_unclassified
Z_DAT	0x4BC7C	0x4BCF1	117	sub_4BC7C	37	6	0x4278C	0x40258,0x42868,0x4BC7C	game_or_library_unclassified
Z_DAT	0x4BE2C	0x4BE9C	112	sub_4BE2C	41	7	0x429B1	0x3FEA3,0x3FEA8,0x4AC6C,0x4BE2C	game_or_library_unclassified
Z_DAT	0x4BEBC	0x4C22D	881	sub_4BEBC	266	35	0x42AF2	0x3EF4A,0x400FA,0x40253,0x49FD4,0x4AC6C,0x4BEBC,0x4DA8A,0x515F7	game_or_library_unclassified
Z_DAT	0x4C230	0x4C263	51	sub_4C230	18	4	0x42BDE	0x42C43,0x4AC6C,0x4C230	game_or_library_unclassified
Z_DAT	0x4C264	0x4C308	164	sub_4C264	57	13	0x42C43	0x4449B,0x49D94,0x4A8C0,0x4C264	game_or_library_unclassified
Z_DAT	0x4C368	0x4C389	33	sub_4C368	12	4	0x42D0D	0x42C43,0x4C368	game_or_library_unclassified
Z_DAT	0x4C38C	0x4C39C	16	sub_4C38C	6	3	0x42E5C	0x4C38C	game_or_library_unclassified
Z_DAT	0x4C400	0x4C46B	107	sub_4C400	42	8	0x42DE7	0x4AD34,0x4C400	game_or_library_unclassified
Z_DAT	0x4C46C	0x4C479	13	sub_4C46C	6	3	0x42EC9	0x4C46C	game_or_library_unclassified
Z_DAT	0x4C4B0	0x4C4FB	75	sub_4C4B0	28	7	0x43239	0x4AD34,0x4C4B0	game_or_library_unclassified
Z_DAT	0x4C790	0x4C80D	125	sub_4C790	47	11	0x43C34	0x4C790	game_or_library_unclassified
Z_DAT	0x4C8F4	0x4CA63	367	sub_4C8F4	109	27	0x443BF	0x49D94,0x4A478,0x4C8F4	game_or_library_unclassified
Z_DAT	0x4CA64	0x4CB74	272	sub_4CA64	79	15	0x4449B	0x49D94,0x4A478,0x4AA10,0x4CA64	game_or_library_unclassified
Z_DAT	0x4CB74	0x4CBAC	56	sub_4CB74	19	5	0x44508	0x4CB74	game_or_library_unclassified
Z_DAT	0x4D987	0x4D999	18	sub_4D987	7	4	0x449A3,0x4677C	0x4D987	game_or_library_unclassified
Z_DAT	0x4D9B3	0x4DA0E	91	sub_4D9B3	44	13	0x44A44,0x44D38,0x47560	0x4D9B3	game_or_library_unclassified
Z_DAT	0x4DA0E	0x4DA8A	124	sub_4DA0E	50	10	0x44A44	0x4DA0E,0x5168C	game_or_library_unclassified
Z_DAT	0x4DA8A	0x4DADC	82	sub_4DA8A	45	6	0x44D38,0x4BEBC	0x4DA8A	game_or_library_unclassified
Z_DAT	0x4DADC	0x4DB0D	49	sub_4DADC	26	7	0x44FE7,0x4B584	0x4DADC	game_or_library_unclassified
Z_DAT	0x4DB3B	0x4DB75	58	sub_4DB3B	26	6	0x45224	0x4DB3B	game_or_library_unclassified
Z_DAT	0x4DB75	0x4DBA0	43	sub_4DB75	14	4	0x453CF	0x4DB75	game_or_library_unclassified
Z_DAT	0x4DC7A	0x4DD44	202	sub_4DC7A	74	17	0x459E3	0x4DC7A,0x4E10E	game_or_library_unclassified
Z_DAT	0x4DD69	0x4DDBB	82	sub_4DD69	34	4	0x4DDD5	0x4DD69	game_or_library_unclassified
Z_DAT	0x4DDD5	0x4DE0A	53	sub_4DDD5	23	4	0x460D4,0x46133,0x4624B	0x4DD69,0x4DDD5	game_or_library_unclassified
Z_DAT	0x4DE0A	0x4DE1A	16	sub_4DE0A	5	1	0x46230	0x453CF	game_or_library_unclassified
Z_DAT	0x4DE3F	0x4DE8F	80	sub_4DE3F	33	4	0x4624B,0x4DE8F	0x4DE3F	game_or_library_unclassified
Z_DAT	0x4DE8F	0x4DEC4	53	sub_4DE8F	23	4	0x4624B	0x4DE3F,0x4DE8F	game_or_library_unclassified
Z_DAT	0x4DFAC	0x4E02C	128	sub_4DFAC	41	10	0x467BC,0x4E7E9,0x51746	0x3ED5B,0x4DFAC,0x4E7B6	game_or_library_unclassified
Z_DAT	0x4E02C	0x4E10E	226	sub_4E02C	83	18	0x467BC,0x47BE9,0x4E663,0x51A8C	0x3F728,0x46891,0x4E02C,0x518F0	game_or_library_unclassified
Z_DAT	0x4E10E	0x4E114	6	sub_4E10E	2	1	0x46891,0x4DC7A		game_or_library_unclassified
Z_DAT	0x4E114	0x4E11A	6	sub_4E114	2	1	0x4689D		game_or_library_unclassified
Z_DAT	0x4E11A	0x4E125	11	sub_4E11A	2	1	0x469C2		game_or_library_unclassified
Z_DAT	0x4E126	0x4E15E	56	sub_4E126	28	1	0x46AE0	0x4E15E	game_or_library_unclassified
Z_DAT	0x4E15E	0x4E183	37	sub_4E15E	13	1	0x4E126		game_or_library_unclassified
Z_DAT	0x4E512	0x4E524	18	sub_4E512	7	4	0x475C2,0x47691	0x4E512	game_or_library_unclassified
Z_DAT	0x4E524	0x4E5C7	163	sub_4E524	59	12	0x47788	0x3ED5B,0x453A0,0x46891,0x4E524	game_or_library_unclassified
Z_DAT	0x4E5C7	0x4E5FE	55	sub_4E5C7	21	6	0x47691,0x47B3E	0x4E5C7	game_or_library_unclassified
Z_DAT	0x4E61C	0x4E663	71	sub_4E61C	31	4	0x4E663	0x4E61C	game_or_library_unclassified
Z_DAT	0x4E663	0x4E7B6	339	sub_4E663	143	28	0x47691	0x3F728,0x46891,0x4E02C,0x4E61C,0x4E663,0x51A4B	game_or_library_unclassified
Z_DAT	0x4E7B6	0x4E7E9	51	sub_4E7B6	20	5	0x47691,0x4DFAC,0x4E7E9	0x4684D,0x4E7B6	game_or_library_unclassified
Z_DAT	0x4E7E9	0x4E86B	130	sub_4E7E9	52	14	0x478A0	0x4DFAC,0x4E7B6,0x4E7E9	game_or_library_unclassified
Z_DAT	0x4E86B	0x4E92C	193	sub_4E86B	70	4	0x478CD	0x4E86B	game_or_library_unclassified
Z_DAT	0x4E92C	0x4EA84	344	sub_4E92C	128	26	0x478CD,0x4F038	0x4E92C,0x4EAEE,0x4EE89,0x4EFFF,0x4F171	game_or_library_unclassified
Z_DAT	0x4EAEE	0x4EB09	27	sub_4EAEE	9	6	0x47904,0x4E92C	0x47560,0x4EAEE,0x4ED7B	game_or_library_unclassified
Z_DAT	0x4EB09	0x4EB33	42	sub_4EB09	19	5	0x4EB33,0x4EC5F	0x4EB09	game_or_library_unclassified
Z_DAT	0x4EB33	0x4EC5F	300	sub_4EB33	123	24	0x4ED7B	0x4EB09,0x4EB33	game_or_library_unclassified
Z_DAT	0x4EC5F	0x4ED7B	284	sub_4EC5F	111	15	0x4ED7B	0x4EB09,0x4EC5F	game_or_library_unclassified
Z_DAT	0x4ED7B	0x4EE89	270	sub_4ED7B	87	7	0x4EAEE	0x4EB33,0x4EC5F,0x4ED7B	game_or_library_unclassified
Z_DAT	0x4EE89	0x4EFC9	320	sub_4EE89	123	14	0x47904,0x4E92C	0x4EE89,0x4EFFF	game_or_library_unclassified
Z_DAT	0x4EFFF	0x4F038	57	sub_4EFFF	24	5	0x4E92C,0x4EE89,0x4F038,0x4F171	0x4EFFF	game_or_library_unclassified
Z_DAT	0x4F038	0x4F129	241	sub_4F038	83	14	0x4F129	0x4E92C,0x4EFFF,0x4F038	game_or_library_unclassified
Z_DAT	0x4F129	0x4F171	72	sub_4F129	33	5	0x4F171	0x4F038,0x4F129	game_or_library_unclassified
Z_DAT	0x4F171	0x4F449	728	sub_4F171	247	56	0x47904,0x4E92C	0x4EFFF,0x4F129,0x4F171,0x4F449	game_or_library_unclassified
Z_DAT	0x4F449	0x4F47F	54	sub_4F449	25	7	0x4F171	0x4F449	game_or_library_unclassified
Z_DAT	0x4F47F	0x4F485	6	sub_4F47F	2	1	0x47B74		game_or_library_unclassified
Z_DAT	0x4F485	0x4F4B9	52	sub_4F485	23	7	0x47BE9	0x4F485,0x51A4B	game_or_library_unclassified
Z_DAT	0x4F4B9	0x4F4C7	14	sub_4F4B9	5	1	0x47BE9	0x51A5D	game_or_library_unclassified
Z_DAT	0x4F8C8	0x4F8D9	17	sub_4F8C8	8	2	0x4F8C8,0x51509	0x4F8C8	game_or_library_unclassified
Z_DAT	0x50506	0x50527	33	sub_50506	11	3	0x50506,0x51443	0x50506	game_or_library_unclassified
Z_DAT	0x50527	0x5054B	36	sub_50527	12	3	0x50527,0x51443	0x50527	game_or_library_unclassified
Z_DAT	0x51509	0x5159C	147	sub_51509	53	13	0x48278,0x48814	0x4F8C8,0x51509	game_or_library_unclassified
Z_DAT	0x5159C	0x515C8	44	sub_5159C	27	1	0x48278,0x48814		game_or_library_unclassified
Z_DAT	0x515C8	0x515F7	47	sub_515C8	19	1	0x47C90	0x3E4C6	game_or_library_unclassified
Z_DAT	0x515F7	0x5162C	53	sub_515F7	27	7	0x49FD4,0x4BEBC	0x515F7	game_or_library_unclassified
Z_DAT	0x5168C	0x51717	139	sub_5168C	54	13	0x4DA0E	0x46891,0x5168C,0x51717	game_or_library_unclassified
Z_DAT	0x51717	0x51746	47	sub_51717	20	3	0x5168C	0x51717,0x51746	game_or_library_unclassified
Z_DAT	0x51746	0x51801	187	sub_51746	68	18	0x51717	0x4DFAC,0x51746,0x51A8C,0x51AC3,0x51ADE	game_or_library_unclassified
Z_DAT	0x518F0	0x5196E	126	sub_518F0	56	9	0x4E02C	0x46891,0x468DB,0x46956,0x518F0	game_or_library_unclassified
Z_DAT	0x51A4B	0x51A5D	18	sub_51A4B	7	1	0x4E663,0x4F485	0x3F728	game_or_library_unclassified
Z_DAT	0x51A5D	0x51A81	36	sub_51A5D	16	3	0x4F4B9	0x468DB,0x51A5D	game_or_library_unclassified
Z_DAT	0x51A8C	0x51AC3	55	sub_51A8C	25	7	0x51746	0x4E02C,0x51A8C	game_or_library_unclassified
Z_DAT	0x51AC3	0x51ADE	27	sub_51AC3	9	3	0x51746	0x51AC3	game_or_library_unclassified
Z_DAT	0x51ADE	0x51B09	43	sub_51ADE	18	3	0x51746	0x468DB,0x51ADE	game_or_library_unclassified
