audit_order	address	name	research_name	function_end	size	closure_status	target_owner	implementation_mapping	evidence	verification	final_review	remaining
1	0x20C32	sub_20C32	blocking_read_key	0x20C45	19	pending_mapping	unresolved				not_started	map existing implementation or implement, then complete final review
2	0x20D35	main	main_loop	0x20FAA	629	implemented_pending_review	app	openlegend::input::LegacyKeyboard::world_direction/consume_world_direction;openlegend::app::LegacyGameRuntime::advance/render/finish_presented_tick;openlegend::world::WorldSession;src/platform/sdl3/main.cpp	research/evidence/functions/Z_DAT/0x20D35.md	machine-code startup/world dispatch, paired-key consumption, present then palette cycle then BIOS-tick wait and shutdown mapping; Linux app Debug 14/14	not_started	complete final bidirectional assembly-to-C++ review of delegated runtime/audio/platform boundaries
3	0x3CDFF	sub_3CDFF	keyboard_audio_font_initialize	0x3CF19	282	pending_mapping	unresolved				not_started	map existing implementation or implement, then complete final review
4	0x3CF19	sub_3CF19	keyboard_restore	0x3CF45	44	pending_mapping	unresolved				not_started	map existing implementation or implement, then complete final review
5	0x3DB83	sub_3DB83	bios_tick_delay	0x3DBBF	60	pending_mapping	unresolved				not_started	map existing implementation or implement, then complete final review
6	0x3DD57	sub_3DD57	audio_shutdown	0x3DD66	15	pending_mapping	unresolved				not_started	map existing implementation or implement, then complete final review
7	0x3DD66	sub_3DD66	audio_initialize	0x3DE4D	231	pending_mapping	unresolved				not_started	map existing implementation or implement, then complete final review
8	0x3DE4D	sub_3DE4D	music_start_once_unused	0x3DECB	126	pending_mapping	unresolved				not_started	map existing implementation or implement, then complete final review
9	0x3DECB	sub_3DECB	music_start_looping	0x3DF59	142	pending_mapping	unresolved				not_started	map existing implementation or implement, then complete final review
10	0x3DF59	sub_3DF59	music_end	0x3DF90	55	pending_mapping	unresolved				not_started	map existing implementation or implement, then complete final review
11	0x3DF90	sub_3DF90	sample_start_loaded	0x3E088	248	pending_mapping	unresolved				not_started	map existing implementation or implement, then complete final review
12	0x3E088	sub_3E088	sample_start_raw_unused	0x3E172	234	pending_mapping	unresolved				not_started	map existing implementation or implement, then complete final review
13	0x3E172	sub_3E172	sample_end	0x3E1B2	64	pending_mapping	unresolved				not_started	map existing implementation or implement, then complete final review
14	0x3E1B2	sub_3E1B2	music_play_index	0x3E23B	137	pending_mapping	unresolved				not_started	map existing implementation or implement, then complete final review
15	0x3E23B	sub_3E23B	music_fade_in	0x3E25B	32	pending_mapping	unresolved				not_started	map existing implementation or implement, then complete final review
16	0x3E25B	sub_3E25B	music_fade_out	0x3E288	45	pending_mapping	unresolved				not_started	map existing implementation or implement, then complete final review
17	0x3E288	sub_3E288	sample_dispatch_loaded	0x3E2E2	90	pending_mapping	unresolved				not_started	map existing implementation or implement, then complete final review
18	0x3E2E2	sub_3E2E2	sample_load_index	0x3E33D	91	pending_mapping	unresolved				not_started	map existing implementation or implement, then complete final review
19	0x3D5DE	sub_3D5DE	seed_from_dos_time	0x3D612	52	pending_mapping	unresolved				not_started	map existing implementation or implement, then complete final review
20	0x3D612	sub_3D612	rng_bounded	0x3D643	49	pending_mapping	unresolved				not_started	map existing implementation or implement, then complete final review
21	0x3F987	sub_3F987	rng_state_address	0x3F98D	6	pending_mapping	unresolved				not_started	map existing implementation or implement, then complete final review
22	0x3F98D	sub_3F98D	rng_next	0x3F9B0	35	pending_mapping	unresolved				not_started	map existing implementation or implement, then complete final review
23	0x3F9B0	sub_3F9B0	rng_seed	0x3F9C0	16	pending_mapping	unresolved				not_started	map existing implementation or implement, then complete final review
24	0x3F9C0	sub_3F9C0	rng_runtime_initialize	0x3FA62	162	pending_mapping	unresolved				not_started	map existing implementation or implement, then complete final review
25	0x41232	sub_41232	miles_init_sample	0x41297	101	pending_mapping	unresolved				not_started	map existing implementation or implement, then complete final review
26	0x41383	sub_41383	miles_set_sample_data	0x413F8	117	pending_mapping	unresolved				not_started	map existing implementation or implement, then complete final review
27	0x413F8	sub_413F8	miles_set_sample_type	0x4146D	117	pending_mapping	unresolved				not_started	map existing implementation or implement, then complete final review
28	0x4146D	sub_4146D	miles_start_sample	0x414D2	101	pending_mapping	unresolved				not_started	map existing implementation or implement, then complete final review
29	0x4159C	sub_4159C	miles_end_sample	0x41601	101	pending_mapping	unresolved				not_started	map existing implementation or implement, then complete final review
30	0x41601	sub_41601	miles_set_sample_rate	0x4166E	109	pending_mapping	unresolved				not_started	map existing implementation or implement, then complete final review
31	0x4166E	sub_4166E	miles_set_sample_volume	0x416DB	109	pending_mapping	unresolved				not_started	map existing implementation or implement, then complete final review
32	0x41748	sub_41748	miles_set_sample_loop_count	0x417B5	109	pending_mapping	unresolved				not_started	map existing implementation or implement, then complete final review
33	0x417B5	sub_417B5	miles_sample_status	0x41891	220	pending_mapping	unresolved				not_started	map existing implementation or implement, then complete final review
34	0x42AF2	sub_42AF2	miles_init_sequence	0x42BDE	236	pending_mapping	unresolved				not_started	map existing implementation or implement, then complete final review
35	0x42BDE	sub_42BDE	miles_start_sequence	0x42C43	101	pending_mapping	unresolved				not_started	map existing implementation or implement, then complete final review
36	0x42D0D	sub_42D0D	miles_stop_sequence	0x42D72	101	pending_mapping	unresolved				not_started	map existing implementation or implement, then complete final review
37	0x42DE7	sub_42DE7	miles_fade_sequence	0x42E5C	117	pending_mapping	unresolved				not_started	map existing implementation or implement, then complete final review
38	0x42E5C	sub_42E5C	miles_set_sequence_loop_count	0x42EC9	109	pending_mapping	unresolved				not_started	map existing implementation or implement, then complete final review
39	0x42EC9	sub_42EC9	miles_sequence_status	0x42FA5	220	pending_mapping	unresolved				not_started	map existing implementation or implement, then complete final review
40	0x43239	sub_43239	miles_set_music_master_volume	0x432A6	109	pending_mapping	unresolved				not_started	map existing implementation or implement, then complete final review
41	0x47DB8	sub_47DB8	miles_apply_sample_volume	0x48093	731	pending_mapping	unresolved				not_started	map existing implementation or implement, then complete final review
42	0x49120	sub_49120	miles_internal_set_sample_volume	0x4913E	30	pending_mapping	unresolved				not_started	map existing implementation or implement, then complete final review
